Marque,Modele,Prix_Grade_A,Prix_Grade_A_Moins,Prix_Grade_B,Prix_Grade_C,Prix_Grade_C_Moins,Prix_Grade_D,Prix_Grade_D_Moins
Apple,iPhone 17 Pro Max 2To,1380,1374,1259,1013,705,404,394
Apple,iPhone 17 Pro Max 1To,1209,1203,1089,928,705,394,394
Apple,iPhone 17 Pro 1To,1148,1127,1009,915,642,292,285
Apple,iPhone 17 Pro Max 512Go,1090,1081,977,883,705,394,394
Apple,iPhone 17 Pro 512Go,1023,1014,936,832,640,291,284
Apple,iPhone 17 Pro Max 256Go,903,903,803,730,557,220,192
Apple,iPhone 16 Pro Max 1To,805,805,734,696,619,335,294
Apple,iPhone 16 Pro 1To,716,662,626,521,478,302,212
Apple,iPhone 17 Pro 256Go,696,694,657,555,546,207,178
Samsung,Galaxy Z Fold7 1To,662,609,558,508,277,191,107
Samsung,Galaxy S25 Ultra 1To,652,642,609,571,431,235,176
Apple,iPhone 16 Pro 512Go,614,592,548,505,470,297,189
Apple,iPhone 17 Air 1To,640,620,604,550,237,103,90
Samsung,Galaxy S26 Ultra 1To,640,389,262,124,86,45,2
Samsung,Galaxy Z Fold7 512Go,626,609,546,507,277,191,107
Apple,iPhone 16 Pro Max 512Go,609,609,609,589,589,321,272
Apple,iPhone 16 Pro Max 256Go,597,566,542,525,487,288,266
Apple,iPhone 16 Pro 256Go,571,562,548,492,453,297,189
Samsung,Galaxy Z Fold7 256Go,602,577,536,489,271,183,39
Apple,iPhone 17 Pro Max e-SIM 2To,582,533,492,492,271,141,96
Apple,iPhone 15 Pro Max 1To,546,538,529,521,402,286,218
Samsung,Galaxy S25 Ultra 512Go,565,563,538,508,412,214,147
Apple,iPhone 17 512Go,561,555,515,466,360,118,98
Apple,iPhone 17 256Go,543,522,503,410,343,118,96
Samsung,Galaxy S25 Ultra 256Go,542,542,478,430,406,211,147
Apple,iPhone 16 Plus 512Go,496,496,470,461,376,283,198
Apple,iPhone 15 Pro 512Go,480,419,410,385,352,251,192
Apple,iPhone 15 Pro 1To,514,510,482,461,368,251,192
Apple,iPhone 16 Plus 256Go,475,448,440,431,334,277,198
Apple,iPhone 16 Pro e-Sim 1To,519,518,496,464,191,145,145
Apple,iPhone 15 Pro Max 512Go,512,512,495,448,376,286,218
Apple,iPhone 16 Pro 128Go,508,504,494,446,446,284,181
Google,Pixel 10 Pro Fold 256Go,515,464,459,449,260,105,48
Google,Pixel 10 Pro Fold 512Go,515,499,459,449,260,105,48
Google,Pixel 10 Pro Fold 1To,515,499,459,449,260,105,48
Google,Pixel 10 Pro XL 1To,514,464,446,377,215,92,79
Apple,iPhone 16 512Go,504,487,454,454,374,305,186
Google,Pixel 9 Pro Fold 512Go,504,504,470,446,225,90,50
Apple,iPhone 17 Air 512Go,504,503,471,423,237,103,90
Apple,iPhone 16e 512Go,495,495,413,340,276,94,80
Samsung,Galaxy A17 4G 256Go,497,497,32,32,21,15,0
Apple,iPhone 17 Pro Max e-SIM 1To,497,492,492,492,232,141,43
Google,Pixel 9 Pro Fold 256Go,496,481,468,440,221,63,45
Google,Pixel 9 Pro 1To,496,463,446,326,222,98,45
Apple,iPhone 15 Pro Max 256Go,450,410,402,368,342,268,215
Apple,iPhone 17 Pro Max e-SIM 512Go,492,490,490,490,142,141,41
Apple,iPhone 17 Pro Max e-SIM 256Go,490,487,486,485,138,136,34
Samsung,Galaxy S25+ 512Go,486,475,447,415,209,109,77
Apple,iPhone 17 Air 256Go,485,476,460,423,237,103,90
Google,Pixel 9 Pro XL 1To,484,472,444,411,174,79,38
Samsung,Galaxy S24 Ultra 1To,483,475,447,423,361,198,158
Apple,iPhone 16 Pro e-Sim 512Go,483,470,443,415,191,96,63
Google,Pixel 10 Pro 1To,481,471,451,298,178,148,108
Google,Pixel 10 Pro XL 512Go,481,464,438,376,215,92,79
Apple,iPhone 14 Pro Max 1To,471,459,444,410,342,215,147
Apple,iPhone 16 256Go,461,446,436,434,374,305,180
Samsung,Galaxy S26+ 1To,470,300,257,130,79,19,0
Google,Pixel 10 Pro 512Go,464,462,449,298,178,146,62
Apple,iPhone 14 Pro 1To,453,436,402,368,317,172,122
Google,Pixel 9 Pro 512Go,446,443,398,310,215,70,29
Apple,iPhone 16 Plus 128Go,427,420,393,376,318,277,176
Samsung,Galaxy S25 Edge 512Go,446,445,369,283,147,84,50
Apple,iPhone 16 Pro Max e-Sim 1To,445,439,413,386,166,45,39
Apple,iPhone 16 Pro Max e-Sim 512Go,440,432,408,375,117,45,33
Apple,iPhone 15 Plus 512Go,420,409,385,359,300,181,104
Samsung,Galaxy S26 Ultra 512Go,428,389,262,124,86,45,2
Samsung,Galaxy S24 Ultra 512Go,427,419,414,393,351,174,158
Samsung,Galaxy S26 Ultra 256Go,427,385,262,124,70,28,0
Apple,iPhone 15 Pro 256Go,418,413,396,370,352,217,138
Apple,iPhone 16 128Go,402,402,394,377,356,257,180
Apple,iPhone 15 512Go,397,393,368,343,297,247,207
Samsung,Galaxy Z Fold6 1To,413,412,351,329,271,141,57
Google,Pixel 9 Pro XL 512Go,408,398,373,350,152,79,37
Samsung,Galaxy S25 512Go,402,394,342,312,192,93,44
Samsung,Galaxy S25+ 256Go,397,394,380,259,209,95,56
Google,Pixel 10 Pro 256Go,397,389,379,277,170,118,55
Apple,iPhone 16 Pro e-Sim 128Go,394,390,361,358,140,45,32
Apple,iPhone 16 Pro e-Sim 256Go,394,390,361,358,140,45,32
Apple,iPhone 15 Pro 128Go,386,385,372,349,327,217,135
Apple,iPhone 16e 256Go,388,388,379,333,219,77,71
Samsung,Galaxy Z Flip7 512Go,391,383,354,239,159,64,50
Apple,iPhone 14 Pro Max 512Go,385,376,368,359,325,155,104
Samsung,Galaxy S24 Ultra 256Go,387,387,368,325,300,151,96
Google,Pixel 10 Pro XL 256Go,386,357,347,324,121,35,16
Samsung,Galaxy S26+ 256Go,385,300,257,130,79,19,0
Samsung,Galaxy S26+ 512Go,385,300,257,130,79,19,0
Apple,iPhone 13 Pro Max 1To,351,342,334,300,274,118,96
Apple,iPhone 15 Plus 256Go,372,359,346,329,266,181,100
Samsung,Galaxy S25 256Go,376,368,342,295,174,93,44
Google,Pixel 9 Pro 256Go,375,375,301,259,215,44,29
Google,Pixel 10 256Go,372,366,348,271,152,66,40
Google,Pixel Fold 512Go,368,358,357,189,83,39,19
Apple,iPhone 15 Pro Max e-Sim 1To,367,364,328,294,232,172,161
Samsung,Galaxy Z Fold6 512Go,363,363,338,329,271,135,56
Samsung,Galaxy Z Fold6 Special 512Go,362,362,323,319,240,126,53
Apple,iPhone 15 Pro e-Sim 1To,360,356,334,315,198,184,138
Samsung,Galaxy S23 Ultra 1To,354,354,324,301,254,162,90
Google,Pixel 9 Pro XL 256Go,354,353,316,266,136,45,37
Google,Pixel Fold 256Go,351,351,351,183,79,25,18
Apple,iPhone 16 Pro Max e-Sim 256Go,347,346,325,275,117,32,18
Apple,iPhone 14 Pro Max 256Go,342,329,317,308,274,131,96
Samsung,Galaxy S24+ 512Go,344,341,325,306,224,149,74
Samsung,Galaxy S26 256Go,342,300,130,96,62,28,0
Samsung,Galaxy S26 512Go,342,300,130,96,62,28,0
Samsung,Galaxy Z Fold6 256Go,341,341,304,283,260,135,33
Apple,iPhone 15 256Go,321,317,300,291,283,185,132
Apple,iPhone 14 Pro 512Go,334,317,310,291,264,149,122
Apple,iPhone 14 Pro Max 128Go,334,326,310,284,263,130,87
Apple,iPhone 15 Pro e-Sim 512Go,334,333,330,272,190,184,134
Samsung,Galaxy S24 512Go,329,321,303,277,267,170,124
Apple,iPhone 15 Plus 128Go,300,300,270,257,223,130,100
Apple,iPhone 13 Pro 1To,300,295,283,270,236,151,96
Google,Pixel 9 256Go,321,319,262,237,179,73,32
Samsung,Galaxy S24 FE 512Go,321,312,293,272,179,120,41
Apple,iPhone 13 Pro Max 512Go,319,303,291,291,274,118,96
Samsung,Galaxy S25 Edge 256Go,319,311,291,255,129,84,37
Samsung,Galaxy S22 Ultra 5G 1To,315,281,281,247,175,112,44
Apple,iPhone 14 Pro 256Go,310,304,274,266,257,149,122
Apple,iPhone 15 128Go,283,276,266,262,219,168,97
Google,Pixel 9 Pro XL 128Go,314,313,280,232,130,45,37
Google,Pixel 9 Pro 128Go,311,311,300,258,215,43,22
Samsung,Galaxy Z Fold5 1To,309,309,300,292,215,110,34
Apple,iPhone 14 Pro e-SIM 1To,308,259,254,249,159,119,66
Samsung,Galaxy S25 128Go,307,303,287,249,170,85,39
Google,Pixel 10 128Go,305,277,274,251,152,66,40
Apple,iPhone 14 Plus 512Go,300,291,283,274,227,125,87
Apple,iPhone 14 Pro 128Go,278,270,257,244,219,149,122
Apple,iPhone 17 Air 128Go,300,292,283,155,83,74,25
Google,Pixel 8 Pro 1To,293,282,271,217,179,51,28
Apple,iPhone 15 Pro e-Sim 256Go,292,289,259,252,190,184,134
Samsung,Galaxy Z Flip7 FE 256Go,292,287,254,240,64,25,15
Apple,iPhone 16e 128Go,281,271,258,220,158,74,63
Apple,iPhone 16 e-Sim 512Go,289,288,288,255,107,24,21
Samsung,Galaxy Z Fold5 512Go,288,288,288,280,215,107,30
Samsung,Galaxy S23 Ultra 512Go,285,283,268,268,240,124,90
Samsung,Galaxy Z Fold4 1To,283,283,283,271,222,52,30
Samsung,Galaxy S22 Ultra 5G 512Go,283,249,249,224,134,81,44
Apple,iPhone 15 Plus e-Sim 512Go,283,282,248,244,154,108,107
Samsung,Galaxy S24 256Go,283,278,260,238,224,147,89
Samsung,Galaxy S24+ 256Go,283,275,254,241,209,149,58
Google,Pixel 10 Pro 128Go,281,280,280,277,152,71,15
Samsung,Galaxy Z Fold5 256Go,279,279,271,257,209,106,29
Google,Pixel 8 Pro 512Go,278,266,226,217,164,40,10
Apple,iPhone 16 Plus e-SIm 512Go,277,277,237,202,108,16,11
Apple,iPhone 16 e-Sim 256Go,276,268,251,205,107,24,21
Apple,iPhone 15 Pro Max e-Sim 256Go,274,274,274,230,163,123,111
Apple,iPhone 15 Pro Max e-Sim 512Go,274,274,274,233,200,141,111
Samsung,Galaxy S23 Ultra 256Go,273,265,245,227,215,73,60
Xiaomi,Redmi K90 256Go,271,271,0,0,0,0,0
Xiaomi,Redmi K90 512Go,271,271,0,0,0,0,0
Apple,iPhone 14 512Go,266,257,249,240,185,121,98
Apple,iPhone 14 Pro Max e-SIM 512Go,269,268,246,243,171,147,115
Apple,iPhone 14 Pro Max e-SIM 1To,269,268,246,243,194,168,124
Apple,iPhone 13 Pro 512Go,257,257,232,223,198,130,96
Apple,iPhone 14 Pro e-SIM 512Go,264,259,254,249,143,103,65
Apple,iPhone 15 Pro e-Sim 128Go,263,256,249,213,159,109,63
Samsung,Galaxy S24 FE 256Go,262,262,247,243,177,120,41
Apple,iPhone 13 Pro Max 256Go,257,257,240,240,223,113,79
Apple,iPhone 15 e-Sim 512Go,259,254,252,246,148,83,66
Apple,iPhone 14 Pro Max e-SIM 128Go,254,246,230,214,141,107,98
Apple,iPhone 14 Pro Max e-SIM 256Go,254,249,244,241,152,124,114
Apple,iPhone 14 Plus 256Go,249,240,223,220,220,125,79
Apple,iPhone 15 Plus e-Sim 256Go,250,247,242,233,144,75,47
Xiaomi,15 Ultra 1To,250,199,169,163,114,101,27
Samsung,Galaxy S25 FE 512Go,250,216,213,190,165,111,61
Samsung,Galaxy S22 Ultra 5G 256Go,249,231,223,182,132,79,16
Samsung,Galaxy Z Fold3 5G 512Go,249,215,215,181,95,52,17
Samsung,Galaxy Z Flip7 256Go,249,215,130,96,56,46,46
Apple,iPhone 14 Pro e-SIM 256Go,248,241,225,204,143,87,49
Samsung,Galaxy Z Fold3 5G 256Go,243,212,212,178,93,52,15
Samsung,Galaxy S23 1To,243,235,232,212,186,147,117
Apple,iPhone 14 Plus e-SIM 512Go,241,226,207,191,133,89,50
Apple,iPhone 15 Plus e-Sim 128Go,242,234,219,185,143,75,36
Apple,iPhone 13 Mini 512Go,240,233,218,203,155,88,39
Apple,iPhone 14 256Go,227,215,211,202,185,118,98
Samsung,Galaxy Note 20 Ultra 5G 512Go,237,228,190,163,79,49,14
Samsung,Galaxy S24 Enterprise Edition 256Go,237,206,198,170,150,43,21
Samsung,Galaxy S24 128Go,236,236,220,215,197,122,87
Apple,iPhone 13 Pro 256Go,232,227,219,206,189,121,88
Apple,iPhone 14 e-SIM 512Go,234,227,212,197,137,93,82
Xiaomi,14 Ultra 1To,233,231,213,164,93,55,33
Xiaomi,15 Ultra 512Go,233,198,167,163,113,101,26
Xiaomi,14 1To,232,207,175,124,101,30,6
Apple,iPhone 15 e-Sim 256Go,230,228,202,194,118,83,39
Xiaomi,14 Ultra 512Go,230,228,210,164,93,55,33
Apple,iPhone 13 512Go,215,210,202,189,132,115,75
Apple,iPhone 16e e-Sim 512Go,227,225,186,169,141,46,46
Apple,iPhone 13 Pro 128Go,198,198,198,169,148,112,88
Apple,iPhone 13 Pro Max 128Go,223,215,215,189,172,92,67
Apple,iPhone 14 Pro e-SIM 128Go,223,215,202,187,143,76,32
Apple,iPhone 14 128Go,206,198,189,181,172,117,90
Samsung,Galaxy S22 Ultra 5G 128Go,220,215,167,165,130,69,6
Samsung,Galaxy S25 FE 256Go,220,216,212,190,165,111,61
Apple,iPhone 16 Plus e-SIm 256Go,218,217,207,181,108,16,11
Samsung,Galaxy Z Flip7 FE 128Go,218,218,209,193,64,22,11
Google,Pixel 7 Pro 512Go,217,212,193,177,130,43,11
Samsung,Galaxy S24 Enterprise Edition 128Go,216,206,198,170,150,43,21
Apple,iPhone 14 Plus 128Go,209,207,190,189,174,100,45
Samsung,Galaxy S23 512Go,212,212,210,208,184,143,116
Samsung,Galaxy Note 20 Ultra 5G 256Go,208,183,170,155,79,47,11
Google,Pixel 8 Pro 256Go,208,207,185,176,164,24,10
Xiaomi,14 512Go,209,199,157,116,101,30,4
Google,Pixel 9 128Go,209,203,190,190,157,41,27
Apple,iPhone 12 Pro Max 512Go,207,205,192,172,158,113,87
Samsung,Galaxy S23+ 512Go,207,199,185,172,116,79,16
Samsung,Galaxy Z Fold4 512Go,206,205,199,197,172,51,16
Samsung,Galaxy Z Fold4 256Go,206,205,199,197,172,51,16
Samsung,Galaxy S21 Ultra 5G 512Go,204,198,184,172,110,56,17
Apple,iPhone 14 Plus e-SIM 256Go,203,198,182,168,119,61,39
Samsung,Galaxy S25 FE 128Go,203,198,194,180,158,103,53
Apple,iPhone 15 e-Sim 128Go,200,198,197,150,99,73,29
Xiaomi,14 Ultra 256Go,199,190,187,164,93,55,33
Xiaomi,15 Pro 1To,199,158,149,136,89,50,0
Google,Pixel 8 Pro 128Go,198,197,169,166,143,14,3
Xiaomi,Mix Fold 3 1To,198,198,198,164,108,0,0
Samsung,Galaxy S23 FE 256Go,198,190,174,125,84,50,11
Samsung,Galaxy Z Flip6 512Go,198,198,182,178,124,60,15
Xiaomi,14T Pro 1To,198,194,184,161,108,56,30
Samsung,Galaxy S24 FE 128Go,194,194,189,187,154,120,39
Samsung,Galaxy S22+ 5G 256Go,193,171,168,98,62,53,0
Samsung,Galaxy S23+ 256Go,192,184,163,160,96,79,11
Samsung,Galaxy A56 256Go,191,184,152,127,71,40,14
Xiaomi,Mix Fold 3 512Go,189,189,189,164,108,0,0
Google,Pixel 8a 256Go,188,188,153,113,90,48,31
Apple,iPhone 16 e-Sim 128Go,186,186,185,165,104,15,11
Samsung,Galaxy A73 5G 256Go,185,183,179,153,68,33,0
Xiaomi,15 512Go,185,176,169,137,103,29,6
Xiaomi,15 1To,185,176,169,137,103,29,6
Samsung,Galaxy Z Flip6 256Go,184,181,175,158,124,8,0
Xiaomi,14T Pro 512Go,183,181,173,161,108,56,30
Xiaomi,15 Pro 256Go,184,140,139,135,88,50,0
Xiaomi,15 Pro 512Go,184,148,140,135,88,50,0
Apple,iPhone 13 256Go,168,164,159,142,132,104,75
Samsung,Galaxy S23 256Go,181,176,163,157,146,96,96
Xiaomi,15 Ultra 256Go,177,169,167,163,100,95,5
Apple,iPhone 12 Pro 512Go,175,170,159,159,155,91,70
Apple,iPhone 13 128Go,154,142,130,121,113,82,67
Apple,iPhone 13 Mini 256Go,164,155,139,130,116,70,22
Apple,iPhone 14 e-SIM 256Go,172,171,159,152,120,74,59
Xiaomi,13T Pro 256Go,172,170,107,92,76,33,5
Xiaomi,13T Pro 512Go,172,170,109,95,76,33,5
Xiaomi,13T Pro 1To,172,170,138,111,76,33,5
Apple,iPhone 16 Plus e-SIm 128Go,172,172,171,171,104,16,11
Samsung,Galaxy S22+ 5G 128Go,170,160,143,98,57,42,0
Samsung,Galaxy S20 Plus 5G 512Go,168,168,168,134,67,45,9
Apple,iPhone 12 Pro Max 128Go,166,166,161,161,158,82,54
Apple,iPhone 12 Pro Max 256Go,166,166,161,161,158,103,54
Apple,iPhone 14 Plus e-SIM 128Go,167,163,151,139,118,58,31
Samsung,Galaxy S20 Ultra 5G 512Go,163,158,133,118,95,51,27
Samsung,Galaxy Z Flip3 5G 256Go,162,136,136,111,54,9,0
Samsung,Galaxy S23 128Go,160,154,143,140,121,49,0
Samsung,Galaxy Note 20 Ultra 256Go,158,157,119,117,84,45,12
Samsung,Galaxy Note 20 Ultra 512Go,158,157,149,132,101,45,29
Samsung,Galaxy S20 Plus 5G 256Go,159,159,159,116,67,42,9
Xiaomi,Mi 11 Ultra 5G 512Go,158,157,156,155,84,25,2
Xiaomi,13 Pro 256Go,158,157,152,126,71,41,11
Xiaomi,13 Pro 512Go,158,157,152,126,71,43,22
Samsung,Galaxy S20 Ultra 5G 256Go,157,155,133,113,95,51,27
Google,Pixel 10a 256Go,156,147,130,104,70,6,0
Xiaomi,12 Pro 5G 256Go,155,154,135,108,65,33,8
Samsung,Galaxy A73 5G 128Go,154,150,146,119,33,21,0
Xiaomi,12 Pro 5G 128Go,153,138,135,108,65,33,8
Samsung,Galaxy Z Fold2 5G 512Go,152,118,118,93,16,7,0
Xiaomi,14T Pro 256Go,152,151,148,147,86,47,21
Apple,iPhone 16e e-Sim 256Go,152,152,151,135,104,19,16
Google,Pixel 10a 128Go,152,147,130,104,70,6,0
Samsung,Galaxy S21 Ultra 5G 256Go,150,145,134,123,96,44,5
Apple,iPhone 13 Mini 128Go,131,130,121,96,70,53,22
Samsung,Galaxy Z Fold2 5G 256Go,149,115,115,90,0,0,0
Apple,iPhone 12 Pro 256Go,147,138,134,130,118,91,46
Samsung,Galaxy S22 5G 256Go,147,138,130,121,86,44,0
Samsung,A55 256Go,146,146,129,117,108,34,8
Google,Pixel 9A 256Go,146,139,135,128,96,33,3
Apple,iPhone 14 e-SIM 128Go,145,140,130,118,91,49,11
Xiaomi,15 256Go,144,138,138,130,93,22,0
Samsung,Galaxy S20 FE 4G 256Go,143,138,128,117,50,33,10
Xiaomi,Mi 11 Ultra 5G 256Go,140,131,130,130,80,8,0
Google,Pixel 8 256Go,139,137,128,96,67,20,6
Samsung,Galaxy A56 128Go,139,136,104,94,46,20,0
Xiaomi,14 256Go,138,133,129,116,101,30,4
Samsung,Galaxy S20 Ultra 5G 128Go,137,130,108,101,69,41,6
Samsung,Galaxy Note 20 Ultra 5G 128Go,135,134,124,121,79,47,11
Google,Pixel 7 Pro 256Go,135,134,127,124,99,36,3
Samsung,Galaxy S23+ 128Go,135,135,134,110,93,63,2
Apple,iPhone 12 Pro 128Go,134,134,124,124,118,65,29
Samsung,Galaxy Note 20 5G 256Go,133,129,107,81,44,24,0
Samsung,Galaxy S22 5G 128Go,132,119,102,83,77,14,0
Xiaomi,12S Ultra 256Go,132,130,128,122,73,37,7
Xiaomi,12S Ultra 512Go,132,130,128,122,73,37,7
Samsung,Galaxy S21 Ultra 5G 128Go,131,127,118,107,96,44,0
Samsung,Galaxy S23 FE 128Go,131,123,113,88,79,48,0
Xiaomi,Black Shark 5 Pro 512Go,130,130,130,107,66,50,0
Google,Pixel 9A 128Go,130,124,124,115,74,25,0
Xiaomi,15T 512Go,130,100,96,85,50,0,0
Samsung,Galaxy Z TriFold 512Go,126,122,105,96,62,28,0
Samsung,Galaxy Z TriFold 1To,126,122,105,96,62,28,0
Xiaomi,17 Ultra 1To,124,121,104,70,45,0,0
Xiaomi,14T 512Go,123,121,113,113,73,21,3
Apple,iPhone SE 5G 2022 256Go,122,110,96,90,48,47,11
Samsung,Galaxy Z Flip4 512Go,122,122,105,105,90,42,11
Xiaomi,17 Ultra 512Go,122,121,104,70,45,0,0
Apple,iPhone 11 Pro Max 512Go,121,113,104,96,76,53,20
Xiaomi,13 Ultra 512Go,121,118,115,111,85,61,6
Xiaomi,13 Ultra 1To,121,118,115,111,86,61,22
Xiaomi,15T 256Go,121,100,96,84,49,0,0
Samsung,A55 128Go,120,119,113,113,102,34,8
Apple,iPhone 16e e-Sim 128Go,120,120,79,61,29,13,13
Google,Pixel 6 Pro 5G 512Go,119,102,102,77,66,31,0
Xiaomi,12 5G 256Go,117,87,87,72,23,13,0
Google,Pixel 8 128Go,116,113,91,68,56,20,5
Google,Pixel 6 Pro 5G 256Go,115,94,94,68,54,21,0
Samsung,Galaxy Note 20 256Go,115,115,80,63,24,0,0
Samsung,Galaxy Z Flip5 512Go,114,114,114,99,85,42,0
Samsung,Galaxy A37 5G 128Go,113,104,87,45,16,0,0
Xiaomi,Mi 10 Pro 5G 512Go,110,84,83,73,24,16,0
Samsung,Galaxy S21+ 5G 512Go,110,107,92,91,60,25,0
Xiaomi,Black Shark 5 Pro 256Go,110,108,107,107,51,36,0
Samsung,Galaxy S21 5G 512Go,108,104,84,75,51,23,5
Samsung,Galaxy Z Flip5 256Go,108,108,108,84,67,35,0
Samsung,Galaxy S20 512Go,107,104,84,79,75,40,12
Xiaomi,13 Pro 128Go,107,105,102,89,68,36,8
Xiaomi,15S Pro 512Go,107,103,94,56,35,7,0
Xiaomi,15S Pro 1To,107,103,94,56,35,7,0
Xiaomi,Black Shark 5 Pro 128Go,106,106,106,56,51,36,0
Samsung,Galaxy S20 Ultra 4G 512Go,105,84,74,60,54,48,12
Apple,iPhone 12 256Go,104,104,89,87,79,53,36
Samsung,Galaxy S21+ 5G 256Go,104,104,91,91,55,25,0
Apple,iPhone 12 Mini 256Go,103,100,91,82,49,36,8
Samsung,Galaxy Z Flip3 5G 128Go,102,98,90,81,36,0,0
Samsung,Galaxy S21 FE 5G 256Go,102,99,90,74,50,20,0
Xiaomi,Mi 10 Ultra 5G 128Go,102,85,85,68,16,0,0
Xiaomi,Mi 10 Ultra 5G 256Go,102,85,85,68,16,0,0
Xiaomi,Mi 10 Ultra 5G 512Go,102,85,85,68,16,0,0
Samsung,Galaxy A36 256Go,102,98,86,79,53,32,27
Samsung,Galaxy A54 256Go,101,101,82,62,57,24,0
Xiaomi,13 Ultra 256Go,101,99,96,91,81,50,3
Xiaomi,Redmi Note 13 Pro+ 512Go,100,93,70,55,23,11,0
Xiaomi,Redmi Note 14 Pro+ 512Go,100,96,81,65,28,10,0
Samsung,Galaxy A36 128Go,100,96,86,79,53,32,27
Xiaomi,Redmi Note 15 Pro 256Go,100,100,91,53,28,0,0
Xiaomi,Redmi Note 15 Pro 512Go,100,100,91,53,28,0,0
Xiaomi,12 5G 128Go,99,70,70,65,22,9,0
Apple,iPhone 12 128Go,98,87,79,58,50,41,28
Samsung,Galaxy Note 10 Plus 5G 512Go,98,98,56,49,10,5,0
Google,Pixel 7 Pro 128Go,98,95,87,79,70,33,0
Xiaomi,Redmi Note 13 Pro 512Go,98,95,77,57,22,6,0
Samsung,Galaxy Fold 512Go,97,97,97,40,5,0,0
Apple,iPhone SE 5G 2022 128Go,83,70,63,56,33,33,3
Samsung,Galaxy S20 Plus 5G 128Go,96,92,67,46,38,28,0
Samsung,Galaxy S20 Ultra 4G 256Go,96,80,74,57,51,44,12
Samsung,Galaxy S21+ 5G 128Go,96,83,78,77,55,25,0
Xiaomi,12S Pro 512Go,96,94,91,87,50,28,0
Xiaomi,14T 256Go,96,95,95,90,42,21,0
Xiaomi,12S Pro 256Go,95,91,89,84,50,28,0
Apple,iPhone 11 Pro 512Go,93,93,92,92,92,45,7
Samsung,Galaxy S20 Ultra 4G 128Go,92,80,74,57,51,33,8
Google,Pixel 7 256Go,93,90,81,73,46,13,0
Samsung,Galaxy Z Flip4 256Go,91,91,66,50,50,16,0
Xiaomi,12T Pro 256Go,91,89,82,72,45,16,0
Google,Pixel 8a 128Go,91,90,88,88,65,24,3
Xiaomi,Redmi Note 14 Pro 512Go,91,90,71,54,40,30,9
Samsung,Galaxy A72 256Go,90,90,67,46,36,15,0
Samsung,Galaxy Z Flip5 128Go,90,90,90,67,65,22,0
Samsung,Galaxy S20 Plus 512Go,88,88,88,67,57,34,4
Samsung,Galaxy S21 5G 128Go,88,76,72,56,40,23,0
Samsung,Galaxy S21 5G 256Go,88,76,72,59,40,23,5
Apple,iPhone 11 Pro Max 256Go,87,87,79,79,71,46,11
Xiaomi,Redmi Note 14 Pro+ 5G 512Go,87,85,82,80,55,20,0
Samsung,Galaxy S21 FE 5G 128Go,84,68,63,42,23,16,0
Xiaomi,12S Pro 128Go,84,83,80,79,33,28,0
Samsung,Galaxy A35 256Go,84,80,75,69,30,22,0
Xiaomi,Redmi Note 14 Pro+ 5G 256Go,84,82,78,75,55,20,0
Apple,iPhone 11 Pro 256Go,83,83,83,83,67,37,4
Samsung,Galaxy Note 20 5G 128Go,83,80,76,67,39,11,0
Samsung,Galaxy Note 10 Plus 256Go,82,81,50,33,19,0,0
Samsung,Galaxy Note 10 Plus 512Go,82,81,56,49,19,13,0
Samsung,Galaxy A34 256Go,81,79,68,59,45,8,0
Samsung,Galaxy S20 Plus 256Go,80,77,68,62,41,9,0
Xiaomi,Mix Fold 2 1To,80,80,80,75,71,15,0
Apple,iPhone 11 Pro Max 64Go,79,79,70,62,57,37,4
Apple,iPhone 12 64Go,79,67,59,57,49,37,24
Samsung,Galaxy A33 5G 256Go,79,71,62,50,47,24,6
Xiaomi,12T Pro 128Go,79,78,71,59,35,9,0
Samsung,Galaxy A26 256Go,79,79,60,51,33,28,3
Xiaomi,Mi 10 5G 256Go,78,62,62,53,22,7,0
Samsung,Galaxy S20 FE 5G 256Go,78,78,61,61,48,28,7
Samsung,Galaxy A25 5G 256Go,78,74,67,67,66,25,7
Google,Pixel 6 Pro 5G 128Go,75,72,65,50,38,14,0
Samsung,Galaxy A53 5G 256Go,77,73,62,52,20,6,0
Samsung,Galaxy A80 128Go,75,71,46,25,0,0,0
Samsung,Galaxy S20 256Go,77,77,47,34,27,15,0
Xiaomi,Redmi K50 128Go,77,76,73,67,62,35,0
Xiaomi,Redmi K50 256Go,77,76,73,67,62,35,0
Xiaomi,Redmi K50 512Go,77,76,73,67,62,35,0
Xiaomi,Redmi K50 Pro 128Go,77,76,73,67,62,35,0
Xiaomi,Redmi K50 Pro 256Go,77,76,73,67,62,35,0
Xiaomi,Redmi K50 Pro 512Go,77,76,73,67,62,35,0
Xiaomi,Redmi K50 Ultra 128Go,77,76,73,69,64,39,0
Xiaomi,Redmi K50 Ultra 256Go,77,76,73,69,64,39,0
Xiaomi,Redmi K50 Ultra 512Go,77,76,73,69,64,39,0
Xiaomi,Redmi Note 11T Pro+ 512Go,76,76,76,55,50,36,0
Xiaomi,Redmi Note 14 Pro 256Go,75,74,60,45,36,30,2
Xiaomi,Mi 13 512Go,74,73,69,69,50,39,0
Apple,iPhone SE 5G 2022 64Go,64,41,41,36,33,20,3
Xiaomi,Mix Fold 2 256Go,73,73,72,64,59,8,0
Xiaomi,Mix Fold 2 512Go,73,73,72,67,62,15,0
Xiaomi,13T 256Go,73,72,71,59,45,10,0
Samsung,Galaxy A52 4G 256Go,71,70,46,46,29,16,0
Samsung,Galaxy A52s 5G 256Go,71,71,71,50,33,20,0
Xiaomi,Redmi Note 13 Pro+ 256Go,71,68,62,53,21,5,0
Apple,iPhone 11 256Go,70,70,62,56,54,36,9
Xiaomi,Mi 10 Pro 5G 256Go,70,67,60,53,8,0,0
Samsung,Galaxy A72 128Go,69,65,48,27,5,0,0
Samsung,Galaxy S10 Plus 1To,69,69,66,57,33,6,0
Samsung,Galaxy S10 Plus 512Go,69,69,56,50,23,6,0
Samsung,Galaxy A16 5G 256Go,69,69,56,56,50,27,7
Xiaomi,Redmi Note 14 Pro 128Go,69,53,50,39,36,30,2
Xiaomi,Redmi Note 13 4G 512Go,68,65,62,61,27,11,0
Apple,iPhone 12 Mini 128Go,66,58,49,49,30,23,8
Xiaomi,Redmi K60 Ultra 256Go,66,65,62,33,21,2,0
Xiaomi,Redmi K60 Ultra 512Go,66,65,62,33,21,2,0
Xiaomi,Redmi K60 Ultra 1To,67,66,63,34,22,3,0
Xiaomi,Poco X6 256Go,66,65,58,38,16,4,0
Xiaomi,Poco X6 512Go,66,65,58,38,25,4,0
Xiaomi,Mi 11 Pro 5G 256Go,65,64,64,58,47,39,0
Xiaomi,Redmi Note 13 Pro 256Go,65,61,50,39,15,2,0
Samsung,Galaxy A15 5G 256Go,65,65,50,49,41,26,7
Samsung,Galaxy S20 128Go,64,64,39,30,27,13,0
Xiaomi,Mi 11 Pro 5G 128Go,64,64,64,58,47,39,0
Xiaomi,Redmi Note 13 Pro 128Go,64,61,50,39,15,2,0
Samsung,Xcover7 Pro 128Go,63,45,45,36,6,0,0
Samsung,Galaxy M32 128Go,62,47,47,36,0,0,0
Samsung,Galaxy A54 5G 128Go,62,53,53,53,36,24,0
Xiaomi,Mix Fold 3 256Go,62,62,62,62,54,0,0
Samsung,Galaxy A25 5G 128Go,62,58,49,40,36,0,0
Xiaomi,Redmi Note 13R 128Go,62,60,53,43,36,14,2
Xiaomi,Redmi Note 13R 256Go,62,60,53,43,36,14,2
Xiaomi,Redmi Note 13R 512Go,62,60,53,43,36,14,2
Xiaomi,Redmi Note 14 Pro+ 256Go,62,59,50,34,10,2,0
Xiaomi,Mi 11X Pro 5G 256Go,61,52,30,22,7,0,0
Xiaomi,12T 256Go,60,55,46,37,23,2,0
Xiaomi,Mix-Flip,60,56,46,21,0,0,0
Samsung,Galaxy A02 64Go,58,56,39,28,22,15,0
Samsung,Galaxy S10 5G 256Go,58,55,48,23,0,0,0
Samsung,Galaxy S10 5G 512Go,58,55,48,23,0,0,0
Samsung,Galaxy S20 Plus 128Go,58,53,45,45,31,7,0
Xiaomi,Mi 11X Pro 5G 128Go,59,50,30,22,6,0,0
Xiaomi,Poco X4 GT 128Go,59,55,46,38,24,0,0
Google,Pixel 7a 128Go,58,57,50,42,33,0,0
Xiaomi,Redmi Note 12 5G 256Go ,58,56,54,46,33,28,0
Xiaomi,Redmi Note 15 Pro+ 256Go,58,57,49,32,6,0,0
Xiaomi,Redmi Note 15 Pro+ 512Go,58,57,49,32,6,0,0
Apple,iPhone 11 Pro 64Go,57,56,56,56,51,22,0
Samsung,Galaxy A52 5G 256Go,57,56,55,54,46,26,0
Samsung,Galaxy S10 Plus 128Go,57,57,40,20,4,0,0
Samsung,Galaxy S10 Plus 256Go,57,57,42,41,23,0,0
Xiaomi,Mi 11 Lite 5G 256Go,57,56,56,42,36,32,0
Xiaomi,Mi 13 128Go,57,56,54,45,39,32,0
Samsung,Galaxy M54 128Go,57,57,57,53,49,22,0
Samsung,Galaxy M54 256Go,57,57,57,53,49,22,0
Samsung,Galaxy F54 256Go,57,57,57,53,49,23,0
Xiaomi,Black Shark 5 256Go,57,56,56,51,45,33,0
Xiaomi,Redmi Note 14 5G 512Go,57,55,50,46,28,27,0
Google,Pixel 6 5G 256Go,56,38,36,32,32,4,0
Xiaomi,Black Shark 4 5G 128Go,56,50,48,47,23,9,0
Xiaomi,Black Shark 4 5G 256Go,56,50,48,47,39,21,0
Xiaomi,Mi 12 Lite 256Go,56,52,49,45,24,4,0
Xiaomi,Redmi Note 12T Pro 128Go,56,55,50,46,33,19,0
Xiaomi,Redmi Note 12T Pro 256Go,56,55,50,46,33,26,0
Xiaomi,Redmi Note 12T Pro 512Go,56,55,50,46,33,26,0
Xiaomi,POCO X3 GT 128Go,56,56,47,38,12,0,0
Xiaomi,POCO X3 GT 256Go,56,56,47,38,12,0,0
Samsung,Galaxy A16 5G 128Go,56,56,53,52,49,27,3
Google,Pixel 5 128Go,55,50,44,33,5,5,0
Google,Pixel 7 128Go,55,55,49,49,46,11,0
Samsung,Galaxy M32 5G 128Go,54,50,45,3,0,0,0
Samsung,Galaxy S20 5G 128Go,54,42,41,33,25,10,0
Samsung,Galaxy S20 5G 256Go,54,42,41,33,25,10,0
Samsung,Galaxy A24 128Go,54,50,42,33,8,0,0
Xiaomi,Mi Mix Fold 256Go,54,50,45,40,33,17,0
Xiaomi,Mi Mix Fold 512Go,54,50,45,40,33,17,0
Apple,iPhone 11 128Go,53,53,45,40,33,23,9
Apple,iPhone 12 Mini 64Go,53,45,41,29,29,15,0
Xiaomi,Mi 11 5G 128Go,52,49,40,33,33,0,0
Samsung,Galaxy A35 128Go,52,48,43,33,16,3,0
Xiaomi,Redmi Note 14 Pro 4G 512Go,52,50,48,42,31,24,3
Samsung,Galaxy Note 10 256Go,51,33,33,26,19,7,0
Samsung,Galaxy M23 128Go,51,51,51,47,43,21,0
Samsung,Galaxy M23 64Go,51,51,51,47,43,21,0
Xiaomi,Poco X7 Pro 256Go,51,50,48,45,25,16,0
Xiaomi,Poco X7 Pro 512Go,51,50,48,45,33,28,0
Samsung,Galaxy M32 64Go,50,45,41,3,0,0,0
Xiaomi,12T 128Go,50,45,37,28,19,0,0
Samsung,Galaxy F34 128Go,50,50,50,50,50,33,0
Samsung,Galaxy A06 128Go,50,50,50,50,47,26,4
Samsung,Galaxy S20 FE 4G 128Go,49,49,28,28,28,5,0
Xiaomi,Redmi Note 14 5G 256Go,49,46,42,33,10,3,0
Xiaomi,Redmi Note 14 Pro 4G 128Go,49,47,41,40,34,24,3
Xiaomi,Redmi Note 11 Pro+ 5G 128Go,48,45,39,33,8,7,0
Xiaomi,Redmi Note 11 Pro+ 5G 256Go,48,45,39,33,21,7,0
Xiaomi,Redmi Note 11T Pro+ 128Go,48,45,39,33,24,6,0
Xiaomi,Redmi Note 11T Pro+ 256Go,48,45,39,33,24,6,0
Samsung,Galaxy A26 128Go,48,44,28,24,4,0,0
Samsung,Galaxy A05 128Go,47,47,46,46,45,20,0
Samsung,Galaxy A15 4G 256Go,47,47,44,37,22,0,0
Xiaomi,Redmi Note 14 128Go,47,45,39,31,8,3,0
Xiaomi,Redmi Note 14 256Go,47,45,39,31,10,4,0
Samsung,Galaxy M62 256Go,46,27,18,3,0,0,0
Xiaomi,Poco X4 Pro 5G 128Go,46,45,44,40,32,17,0
Xiaomi,Poco X4 Pro 5G 256Go,46,45,44,40,32,17,0
Xiaomi,Redmi Note 14 5G 128Go,46,45,39,32,8,3,0
Samsung,Galaxy Z Flip4 128Go,45,45,45,28,20,0,0
Samsung,Galaxy A32 5G 64Go,45,45,45,39,37,11,0
Xiaomi,Poco X4 Pro 5G 64Go,45,45,43,39,31,16,0
Xiaomi,Redmi Note 12R Pro 256Go,45,43,36,17,7,6,0
Samsung,Galaxy Xcover7 128Go,45,45,36,19,2,0,0
Samsung,Galaxy A06 64Go,45,45,44,44,41,18,0
Xiaomi,Redmi Note 14S 256Go,45,45,39,38,33,23,0
Xiaomi,Mi 10 Lite 5G 256Go,43,43,42,41,37,29,0
Xiaomi,Mi 11i 5G 128Go,44,40,32,24,3,0,0
Xiaomi,Mi 11i 5G 256Go,44,40,32,24,3,0,0
Xiaomi,Poco M5 64Go,44,44,44,39,34,18,0
Xiaomi,Poco M5 128Go,44,44,44,39,34,21,0
Xiaomi,Redmi Note 12S 128Go,44,41,38,38,32,11,0
Xiaomi,Redmi Note 12S 256Go,44,41,38,38,32,11,0
Xiaomi,Black Shark 5 128Go,44,42,41,39,25,15,0
Samsung,Galaxy M33 128Go,42,39,38,32,12,0,0
Xiaomi,Redmi Note 11T Pro 256Go,42,41,40,40,35,30,0
Apple,iPhone XS Max 512Go,40,38,36,33,20,15,0
Xiaomi,Redmi K30 Pro 5G 256Go,40,39,39,35,31,16,0
Samsung,Galaxy M14 64Go,40,40,40,36,33,19,0
Samsung,Galaxy M14 128Go,40,40,40,36,33,19,0
Xiaomi,Redmi K50 Gaming 128Go,40,38,35,31,24,14,0
Xiaomi,Redmi K50 Gaming 256Go,40,38,35,31,24,14,0
Xiaomi,Poco F2 Pro 256Go,39,38,38,33,15,3,0
Samsung,Galaxy S10 Lite 512Go,39,39,37,36,33,29,0
Xiaomi,12X 5G 128Go,39,36,33,27,11,0,0
Xiaomi,12X 5G 256Go,39,36,33,27,14,4,0
Samsung,Galaxy Xcover6 Pro 128Go,39,34,31,31,18,0,0
Samsung,Galaxy A34 128Go,39,38,31,24,22,0,0
Samsung,Galaxy F14 128Go,39,39,39,34,30,19,0
Xiaomi,Redmi Note 13 5G 256Go,39,39,29,28,19,0,0
Xiaomi,Poco M7 pro 5G 128Go,39,34,27,14,5,2,0
Xiaomi,Poco M7 pro 5G 256Go,39,34,27,14,5,2,0
Apple,iPhone XR 256Go,38,34,28,23,21,20,3
Samsung,Galaxy A23 4G 128Go,38,35,30,25,5,0,0
Google,Pixel 6 5G 128Go,38,34,28,28,0,0,0
Samsung,Galaxy A33 5G 128Go,37,33,28,22,16,0,0
Samsung,Galaxy A52s 5G 128Go,37,28,28,18,16,0,0
Samsung,Galaxy A04s 128Go,37,37,37,37,37,16,0
Xiaomi,Poco M4 Pro 4G 64Go,38,37,37,33,28,15,0
Xiaomi,Poco M4 Pro 4G 128Go,38,37,37,33,28,15,0
Xiaomi,Poco M4 Pro 4G 256Go,38,37,37,33,28,15,0
Xiaomi,Redmi Note 11T Pro 128Go,38,37,36,34,27,12,0
Xiaomi,Redmi Note 10 Pro 256Go,37,34,33,33,14,0,0
Xiaomi,Redmi Note 15 256Go,37,28,19,2,2,0,0
Xiaomi,Redmi Note 15 512Go,37,28,19,2,2,0,0
Apple,iPhone XS Max 256Go,36,36,36,28,15,13,0
Samsung,Galaxy A51 5G 128Go,36,33,26,18,0,0,0
Xiaomi,11t 5G 256Go,36,33,25,21,20,0,0
Xiaomi,11t Pro 5G 256Go,36,36,28,28,26,0,0
Xiaomi,Mi 13 256Go,36,36,36,29,25,4,0
Xiaomi,Redmi Note 12 Pro Speed 128Go,36,32,29,26,18,16,0
Xiaomi,Redmi Note 12 Pro Speed 256Go,36,32,29,26,22,17,0
Xiaomi,Redmi Note 12 Pro+ 256Go,36,35,22,22,5,0,0
Xiaomi,X6 Pro 512Go,36,36,36,32,25,5,0
Xiaomi,Mi 11 5G 256Go,35,35,35,33,33,0,0
Xiaomi,Mi 11X 5G 128Go,35,30,30,20,0,0,0
Xiaomi,Redmi Note 10T 5G 128Go,35,31,31,22,7,5,0
Xiaomi,Poco X6 Neo 128Go,35,31,28,28,23,22,0
Xiaomi,Poco X6 Neo 256Go,35,31,28,28,23,22,0
Samsung,Galaxy S10 Lite 128Go,34,28,28,28,7,0,0
Xiaomi,Redmi Note 11 Pro 4G 128Go,34,33,33,31,29,11,0
Samsung,Galaxy A21 128Go,33,28,22,18,17,7,0
Samsung,Galaxy A52 4G 128Go,33,29,24,2,2,0,0
Samsung,Galaxy A52 4G Entreprise Edition 128Go,33,29,24,20,0,0,0
Samsung,Galaxy F22 128Go,33,14,11,3,0,0,0
Xiaomi,Mi 11 Lite 5G 128Go,33,33,32,30,30,16,0
Xiaomi,Redmi Note 10T 5G 64Go,33,17,17,11,6,4,0
Xiaomi,Redmi Note 11 Pro 4G 64Go,33,33,32,30,28,11,0
Xiaomi,Redmi Note 12 Pro 5G 128Go,33,30,28,24,23,5,0
Xiaomi,Redmi Note 12 Pro 5G 256Go,33,30,28,24,23,8,0
Xiaomi,Mi 11 Lite 5G 64Go,33,32,31,29,29,15,0
Xiaomi,Redmi K60  / Poco F5 512Go,33,31,28,11,4,3,0
Xiaomi,Poco X4 GT 256Go,33,33,33,28,24,0,0
Xiaomi,Civi 3 1To,33,31,28,12,6,5,0
Xiaomi,13 Lite 256Go,33,33,30,30,13,0,0
Samsung,Galaxy A15 5G 128Go,33,31,23,16,15,0,0
Samsung,Galaxy M12 128Go,31,31,31,27,22,0,0
Samsung,Galaxy M12 32Go,31,31,31,27,22,0,0
Samsung,Galaxy M12 64Go,31,31,31,27,22,0,0
Xiaomi,11 Lite 5G NE 256Go,31,28,21,14,8,0,0
Xiaomi,Mi 11 Lite 4G 64Go,32,31,30,28,23,14,0
Xiaomi,Poco X5 128Go,32,30,27,22,7,5,0
Xiaomi,Poco X5 256Go,32,30,27,22,7,5,0
Xiaomi,Redmi K60 / Poco F5 128Go,32,30,27,10,3,2,0
Xiaomi,Civi 3 256Go,32,30,27,11,5,4,0
Xiaomi,Civi 3 512Go,32,30,27,11,5,4,0
Xiaomi,Redmi Note 12S 64Go,32,30,27,22,19,9,0
Xiaomi,13 Lite 128Go,32,27,21,21,11,0,0
Xiaomi,Civi 4 Pro 256Go,31,29,26,16,12,11,0
Xiaomi,Civi 4 Pro 512Go,31,29,26,16,12,11,0
Samsung,Galaxy A06 5G 128Go,31,31,31,30,26,16,0
Samsung,Galaxy A17 5G 256Go,31,30,29,29,5,0,0
Samsung,Galaxy A23 5G 64Go,30,29,19,16,0,0,0
Samsung,Galaxy A23 5G 128Go,30,29,23,21,19,0,0
Xiaomi,Redmi 12 5G 256Go,30,29,27,26,14,0,0
Xiaomi,Redmi Note 14 Pro 4G 256Go,30,28,25,25,11,0,0
Samsung,Galaxy S20 FE 5G 128Go,29,28,25,23,15,0,0
Xiaomi,Redmi 12 256Go,29,28,25,17,0,0,0
Xiaomi,Redmi 13C 5G 128Go,29,28,28,28,24,13,0
Xiaomi,Redmi 13C 5G 256Go,29,28,28,28,24,13,0
Samsung,Galaxy A06 5G 64Go,29,28,28,27,20,15,0
Apple,iPhone XR 128Go,28,28,23,21,21,20,0
Apple,iPhone 11 64Go,28,24,23,22,22,13,9
Samsung,Galaxy A03 128Go,28,28,27,27,25,11,0
Samsung,Galaxy A03 64Go,28,28,27,27,25,11,0
Samsung,Galaxy A11 64Go,28,28,26,25,16,0,0
Samsung,Galaxy A21s 128Go,28,26,21,14,0,0,0
Samsung,Galaxy A31 128Go,28,25,19,12,4,0,0
Samsung,Galaxy A33 5G EE 128Go,28,28,28,21,14,0,0
Samsung,Galaxy F22 64Go,28,11,11,3,0,0,0
Samsung,Galaxy F52 5G 128Go,28,28,17,9,2,0,0
Samsung,Galaxy M62 128Go,28,24,16,3,0,0,0
Xiaomi,11t Pro 5G 128Go,28,28,28,26,26,0,0
Google,Pixel 5a 5G 128Go,28,23,23,16,11,9,4
Samsung,Galaxy M13 5G 128Go,28,28,26,26,3,0,0
Xiaomi,Redmi Note 12 Discovery 256Go,28,26,19,12,0,0,0
Xiaomi,Redmi Note 13 5G 128Go,28,26,23,23,19,0,0
Xiaomi,Poco M6 256Go,28,28,28,25,22,18,0
Xiaomi,X6 Pro 256Go,28,28,28,23,23,5,0
Xiaomi,Poco M4 Pro 5G 64Go,28,26,21,17,0,0,0
Xiaomi,Poco M4 Pro 5G 256Go,28,26,21,17,0,0,0
Xiaomi,Redmi Note 14 Pro+ 128Go,28,27,23,21,10,0,0
Xiaomi,Redmi Turbo 5 256Go,28,23,19,6,0,0,0
Xiaomi,Redmi Turbo 5 512Go,28,23,19,6,0,0,0
Xiaomi,Poco M8 Pro 256Go,28,23,19,6,0,0,0
Xiaomi,Poco M8 Pro 512Go,28,23,19,6,0,0,0
Xiaomi,Redmi Note 15 128Go,28,19,19,2,2,0,0
Samsung,A04 128Go,27,26,26,24,23,10,0
Samsung,Galaxy A14 5G 128Go,27,24,15,9,0,0,0
Xiaomi,Redmi 12R 128Go,27,26,26,23,22,21,0
Xiaomi,Redmi 12R 256Go,27,26,26,23,22,21,0
Samsung,F06 5G 128Go,27,26,24,24,18,10,0
Xiaomi,Mix Flip 2 1To,27,26,23,22,16,2,0
Xiaomi,Redmi K80 Ultra 256Go,27,25,22,17,11,0,0
Xiaomi,Redmi K80 Ultra 512Go,27,25,22,17,11,0,0
Xiaomi,Redmi K80 Ultra 1To,27,25,22,17,11,0,0
Apple,iPhone XS 256Go,26,26,26,23,15,15,0
Apple,iPhone XS 512Go,26,26,26,23,21,21,0
Samsung,Galaxy A22 4G 128Go,26,23,17,11,10,0,0
Xiaomi,Redmi Note 10 5G 256Go,26,26,26,24,21,18,0
Xiaomi,Redmi Note 10 Pro Max 128Go,26,24,23,22,17,7,0
Xiaomi,Mix Flip 2 256Go,26,25,22,22,15,0,0
Xiaomi,Mix Flip 2 512Go,26,25,22,22,15,0,0
Samsung,Galaxy M22 128Go,25,22,16,10,0,0,0
Xiaomi,Redmi Note 11R 128Go,25,24,22,22,18,12,0
Samsung,Galaxy F06 5G 128Go,25,25,23,23,17,0,0
Xiaomi,Redmi A5 4G 128Go,25,25,24,24,24,10,0
Samsung,Galaxy S10 256Go,24,23,23,21,15,0,0
Samsung,Galaxy S10 128Go,24,19,13,8,7,0,0
Samsung,Galaxy S10 512Go,24,24,24,22,16,5,0
Samsung,Galaxy Z Flip 5G 256Go,24,12,11,0,0,0,0
Xiaomi,Poco X3 128Go,24,22,16,9,0,0,0
Xiaomi,Redmi Note 10 Pro Max 64Go,24,23,22,21,16,6,0
Samsung,Galaxy A02s 64Go,24,24,24,22,20,9,0
Samsung,A04 64Go,24,24,19,12,0,0,0
Samsung,Galaxy M34 5G 128Go,24,24,24,23,21,19,0
Samsung,Galaxy A71 128Go,23,23,23,21,20,0,0
Samsung,Galaxy Note 10 Plus 1To Edition Performance,23,0,0,0,0,0,0
Xiaomi,Mi 10 Youth 5g 128Go,23,22,22,10,5,0,0
Xiaomi,Mi 10 Youth 5g 256Go,23,22,22,10,5,0,0
Xiaomi,Poco X3 Pro 256Go,23,23,23,23,21,5,0
Samsung,Galaxy A04e 128Go,23,22,22,22,22,10,0
Samsung,Galaxy A13 5G 128Go,23,22,17,12,5,0,0
Xiaomi,Mi 12 Lite 128Go,23,23,23,19,15,0,0
Samsung,Galaxy A05s 128Go,23,22,21,20,9,0,0
Xiaomi,Redmi Note 12 4G 256Go,23,22,17,17,11,4,0
Google,Pack Google Pixel 7a - JBL GO 3,23,10,2,0,0,0,0
Samsung,Galaxy M35 256Go,23,23,22,22,21,12,0
Xiaomi,Redmi Note 13 4G 256Go,23,21,19,15,12,0,0
Apple,iPhone XR 64Go,22,22,22,20,7,0,0
Xiaomi,Mi 10 5G 128Go,22,20,14,7,0,0,0
Xiaomi,Mi 10 Youth 5g 64Go,22,22,22,9,4,0,0
Xiaomi,Mi 10t Pro 5G 128Go,22,18,12,5,0,0,0
Xiaomi,Redmi 9 128Go,22,22,21,20,14,11,0
Xiaomi,Redmi 9A 128Go,22,21,21,19,18,11,0
Xiaomi,Redmi Note 10 Pro 128Go,22,19,12,6,0,0,0
Xiaomi,Redmi 10X 5G 256Go,22,22,22,18,17,15,0
Samsung,Galaxy A16 128Go,22,21,18,18,16,9,0
Samsung,Galaxy A16 256Go,22,21,18,18,16,10,0
Xiaomi,Poco F7 Ultra 256Go,22,16,13,7,0,0,0
Xiaomi,Poco F7 Ultra 512Go,22,16,13,7,0,0,0
Samsung,Galaxy A17 5G 128Go,22,22,20,19,0,0,0
Apple,iPhone XS 64Go,20,20,15,11,7,6,0
Apple,iPhone XS Max 64Go,21,20,19,13,8,2,0
Xiaomi,Mi Note 10 Pro 256Go,20,20,20,16,12,0,0
Samsung,Galaxy A21 64Go,20,20,20,18,17,7,0
Samsung,Galaxy A71 5G 128Go,21,18,15,14,10,0,0
Samsung,Galaxy S10e 128Go,20,19,18,7,5,0,0
Samsung,Galaxy S10e 256Go,20,19,18,11,5,0,0
Samsung,Galaxy S10e 512Go,20,19,18,11,10,6,0
Xiaomi,Redmi 10A 128Go,20,19,19,16,15,10,0
Xiaomi,Redmi 9A 64Go,20,20,20,18,16,11,0
Xiaomi,Redmi Note 10 Pro 64Go,21,18,11,5,0,0,0
Xiaomi,Redmi Note 11 Pro 5G 128Go,20,14,13,12,0,0,0
Samsung,Galaxy M22 64Go,20,17,13,2,0,0,0
Xiaomi,Redmi Note 12 5G 128Go,21,18,11,5,0,0,0
Xiaomi,Redmi 11 Prime 5G 64Go,21,21,21,9,3,2,0
Xiaomi,Redmi 11 Prime 5G 128Go,21,21,21,9,3,2,0
Xiaomi,Redmi Note 11E 128Go,21,21,21,12,8,7,0
Apple,iPhone SE 2020 128Go,19,16,13,9,0,0,0
Apple,iPhone SE 2020 256Go,19,17,17,14,13,2,0
Samsung,Galaxy A13 4G 128Go,19,18,13,7,5,0,0
Samsung,Galaxy A32 5G 128Go,19,19,19,11,11,0,0
Samsung,Galaxy A42 5G 128Go,19,19,19,19,0,0,0
Xiaomi,Redmi Note 9 5G 64Go,19,18,17,16,5,0,0
Samsung,Galaxy F42 5G 128Go,19,19,17,9,2,0,0
Xiaomi,Redmi Note 9 Pro 5G 256Go,19,19,19,16,15,9,0
Samsung,Galaxy A52 5G 128Go,18,16,16,8,4,0,0
Samsung,Galaxy M42 5G 128Go,18,11,11,6,0,0,0
Samsung,Galaxy M51,18,11,11,5,0,0,0
Samsung,Galaxy Note 10 Plus 5G 256Go,18,17,16,16,7,5,0
Samsung,Galaxy A04e 64Go,18,17,16,16,15,0,0
Xiaomi,Redmi K40 Gaming 128Go,18,18,18,13,11,6,0
Xiaomi,Redmi K40 Gaming 256Go,18,18,18,13,11,6,0
Samsung,Galaxy A22 4G 64Go,17,14,8,7,5,0,0
Samsung,Galaxy M21 128Go,17,13,11,6,0,0,0
Samsung,Galaxy M21 2021 Edition 128Go,17,13,11,6,2,0,0
Xiaomi,Mi 11 Lite 5G NE 128Go,17,14,11,10,7,0,0
Xiaomi,Mi 10t Lite 5G 128Go,17,12,9,3,0,0,0
Xiaomi,Poco X3 Pro 128Go,17,17,15,8,0,0,0
Xiaomi,Redmi 10A 64Go,17,16,16,16,5,0,0
Xiaomi,Redmi Note 9 Pro Max 128Go,17,11,8,5,0,0,0
Samsung,Galaxy M13 5G 64Go,17,16,15,6,0,0,0
Samsung,Galaxy M52 5G 128Go,17,16,15,6,0,0,0
Xiaomi,Redmi Note 13 4G 128Go,17,16,15,14,11,0,0
Xiaomi,Redmi A5 4G 64Go,17,16,16,14,7,0,0
Apple,iPhone X 256Go,15,15,15,15,6,2,0
Samsung,Galaxy A23 4G 64Go,15,12,11,5,3,0,0
Samsung,Galaxy M31s 128Go,15,14,13,10,6,0,0
Samsung,Galaxy A22 5G 128Go,16,16,15,15,6,0,0
Samsung,Galaxy A90S 5G,15,9,0,0,0,0,0
Samsung,Galaxy M21s 128Go,16,13,11,3,0,0,0
Samsung,Galaxy M31s 128Go,16,11,11,3,0,0,0
Xiaomi,11t 5G 128Go,16,16,16,11,11,0,0
Xiaomi,Redmi Note 11s 128Go,15,12,6,0,0,0,0
Samsung,Galaxy A51 5G UW,16,14,8,0,0,0,0
Xiaomi,Redmi A2 32Go,16,15,14,12,12,8,0
Xiaomi,Redmi A2 64Go,16,15,14,12,12,8,0
Xiaomi,Redmi 13C 128Go,15,14,12,11,5,0,0
Xiaomi,Redmi 13C 256Go,15,14,12,11,6,0,0
Xiaomi,Poco M6 128Go,16,16,16,11,10,5,0
Xiaomi,Redmi Note 12 4G 128Go,16,16,16,16,10,0,0
Samsung,Galaxy A15 4G 128Go,15,12,9,0,0,0,0
Xiaomi,Redmi 13 128Go,16,14,10,8,0,0,0
Xiaomi,Redmi 13 256Go,16,14,10,9,2,0,0
Xiaomi,Redmi 13C 5G 64Go,16,16,15,14,4,0,0
Xiaomi,Redmi 14C 256Go,15,12,8,5,0,0,0
Samsung,Galaxy F17 128Go,15,11,11,6,0,0,0
Samsung,Galaxy M17 128Go,15,11,11,6,0,0,0
Apple,iPhone 8 Plus 256Go,14,14,14,14,14,2,0
Google,Pixel 6a 128Go,14,13,13,10,5,0,0
Samsung,Galaxy A53 5G 128Go,14,14,14,11,3,0,0
Samsung,Galaxy A70s 128Go,14,14,14,10,5,0,0
Xiaomi,Mi 10 Lite 5G 128Go,14,12,11,11,8,0,0
Xiaomi,Redmi Note 10S 128Go,14,11,6,0,0,0,0
Xiaomi,Redmi Note 11S 5G 128Go,14,13,11,10,0,0,0
Xiaomi,Poco F4 128Go,14,12,11,10,4,0,0
Samsung,Galaxy A22 5G 64Go,13,11,5,0,0,0,0
Samsung,Galaxy A91,13,13,13,9,5,0,0
Samsung,Galaxy M21 2021 Edition 64Go,13,13,11,6,2,0,0
Samsung,Galaxy Note 10 Lite 128Go,13,11,10,9,3,0,0
Xiaomi,Redmi Note 11s 64Go,13,11,5,0,0,0,0
Samsung,Galaxy A04e 32Go,13,13,13,5,3,0,0
Samsung,Galaxy M14 4G 64Go,13,13,12,12,7,0,0
Samsung,Galaxy M14 4G 128Go,13,13,12,12,7,0,0
Xiaomi,Redmi A2+ 64Go,13,12,12,11,9,0,0
Xiaomi,Redmi A2+ 128Go,13,12,12,11,11,0,0
Samsung,Galaxy Note 10 5G,12,12,11,10,2,0,0
Xiaomi,Redmi K30i 5G 128Go,12,12,10,9,0,0,0
Xiaomi,Redmi K30i 5G 256Go,12,12,10,9,0,0,0
Xiaomi,Redmi K40 256Go,12,12,12,8,4,3,0
Xiaomi,Redmi K40 Pro 256Go,12,12,12,8,4,3,0
Xiaomi,Mi Mix 4 5G 128Go,12,11,10,8,2,0,0
Xiaomi,Mi Mix 4 5G 512Go,12,11,10,8,2,0,0
Samsung,Galaxy A14 4G 128Go,12,11,10,10,0,0,0
Xiaomi,Redmi Turbo 4 Pro 1To,12,11,10,0,0,0,0
Apple,iPhone SE 2020 64Go,11,6,4,3,0,0,0
Samsung,Galaxy M01 32Go,11,11,11,7,3,2,0
Xiaomi,Redmi 10X 5G 64Go,11,11,11,4,0,0,0
Xiaomi,Redmi 10X Pro 5G,11,11,11,4,0,0,0
Samsung,Galaxy A13 4G 32Go,11,11,6,0,0,0,0
Samsung,Galaxy A13 4G 64Go,11,11,6,3,0,0,0
Samsung,Galaxy A70 128Go,11,11,11,2,2,0,0
Samsung,Galaxy F02s 32Go,11,11,11,4,0,0,0
Samsung,Galaxy F02s 64Go,11,11,11,7,0,0,0
Samsung,Galaxy M01 Core 16Go,11,11,11,7,3,2,0
Samsung,Galaxy M01s 32Go,11,11,11,7,3,2,0
Samsung,Galaxy M02 32Go,11,11,11,3,0,0,0
Samsung,Galaxy M11 64Go,11,11,11,6,2,0,0
Samsung,Galaxy M21s 64Go,11,11,11,3,0,0,0
Samsung,Galaxy Note 9 512Go,11,11,11,0,0,0,0
Xiaomi,Mi 10t Lite 5G 64Go,11,8,2,0,0,0,0
Xiaomi,Poco F2 Pro 128Go,10,10,10,5,0,0,0
Xiaomi,Redmi Note 11 128Go,11,9,6,6,0,0,0
Samsung,Galaxy A04s 64Go,11,11,9,6,3,0,0
Samsung,Galaxy F04 64Go,11,11,11,3,0,0,0
Samsung,Galaxy M04 64Go,11,11,11,3,0,0,0
Samsung,Galaxy M04 128Go,11,11,11,3,0,0,0
Samsung,Galaxy F13 64Go,11,11,11,3,0,0,0
Samsung,Galaxy F13 128Go,11,11,11,3,0,0,0
Samsung,Galaxy M13 64Go,11,11,11,0,0,0,0
Samsung,Galaxy M13 128Go,11,11,11,0,0,0,0
Samsung,Galaxy F23 128Go,11,11,11,3,0,0,0
Samsung,Galaxy F12 64Go,11,11,11,3,0,0,0
Samsung,Galaxy F12 128Go,11,11,11,3,0,0,0
Samsung,Galaxy M02s 32Go,11,11,11,3,0,0,0
Samsung,Galaxy M02s 64Go,11,11,11,3,0,0,0
Xiaomi,Redmi Turbo 4 Pro 256Go,11,11,9,0,0,0,0
Xiaomi,Redmi Turbo 4 Pro 512Go,11,11,9,0,0,0,0
Xiaomi,X7 LTE,9,9,9,5,0,0,0
Xiaomi,Redmi 10X 128Go,9,8,8,6,0,0,0
Samsung,Galaxy A11 32Go,9,6,0,0,0,0,0
Xiaomi,Redmi 8A Pro 32Go,9,9,9,5,0,0,0
Xiaomi,Redmi Note 11 Pro 5G 64Go,9,7,5,5,0,0,0
Xiaomi,Redmi Note 9 Pro Max 64Go,9,3,0,0,0,0,0
Google,Pixel 4a 128Go,9,0,0,0,0,0,0
Samsung,Galaxy Z Fold2 5G 128Go,9,9,9,5,0,0,0
Samsung,Galaxy A14 5G 64Go,9,7,0,0,0,0,0
Xiaomi,Poco C50 32Go,9,9,9,5,0,0,0
Xiaomi,Redmi K30 Ultra 256Go,9,9,9,5,0,0,0
Xiaomi,Redmi K40 128Go,9,9,9,5,0,0,0
Xiaomi,Redmi K40 Pro 128Go,9,9,9,5,0,0,0
Xiaomi,Mi Note 10 256Go,9,8,6,5,0,0,0
Xiaomi,Poco C51 64Go,9,9,9,5,0,0,0
Xiaomi,Civi 128Go,9,9,9,5,0,0,0
Xiaomi,Civi 256Go,9,9,9,5,0,0,0
Xiaomi,Civi 2 128Go,9,9,9,5,0,0,0
Xiaomi,Civi 2 256Go,9,9,9,5,0,0,0
Samsung,Galaxy M55s 256Go,9,9,9,0,0,0,0
Samsung,Galaxy F56 256Go,9,5,3,0,0,0,0
Samsung,Galaxy M56 256Go,9,5,3,0,0,0,0
Apple,iPhone 8 Plus 64Go,8,7,6,2,0,0,0
Apple,iPhone 8 Plus 128Go,8,7,6,2,0,0,0
Samsung,Galaxy A13 5G 64Go Double SIM,8,8,7,7,5,0,0
Samsung,Galaxy A13 5G 64Go,8,8,7,7,5,0,0
Samsung,Galaxy A51 128Go,8,8,8,5,5,0,0
Xiaomi,Poco M3 Pro 5G 128Go,8,8,8,4,0,0,0
Samsung,Galaxy A13 (SM-A137) 128Go,8,7,7,6,0,0,0
Xiaomi,Pack Redmi Note 14 5G + Buds6 Play,8,7,7,7,5,0,0
Samsung,Galaxy Note 9 128Go,7,7,7,0,0,0,0
Samsung,Galaxy S10e EE 128Go,7,6,5,4,0,0,0
Xiaomi,Redmi K30 Pro 5G 128Go,7,7,7,3,0,0,0
Xiaomi,Redmi K30 Ultra 128Go,7,7,7,3,0,0,0
Samsung,Galaxy M53 128Go,7,7,7,3,0,0,0
Samsung,Galaxy M53 256Go,7,7,7,3,0,0,0
Samsung,Galaxy F62 128Go,7,7,7,3,0,0,0
Xiaomi,Redmi K30 Pro Zoom 128Go,7,7,7,3,0,0,0
Xiaomi,Redmi K30 Pro Zoom 256Go,7,7,7,3,0,0,0
Xiaomi,Redmi K30 Pro Zoom 512Go,7,7,7,3,0,0,0
Xiaomi,Redmi Note 12 4G 64Go,7,5,0,0,0,0,0
Samsung,Galaxy A17 4G 128Go,7,7,7,6,0,0,0
Apple,iPhone 8 256Go,6,6,6,6,0,0,0
Apple,iPhone X 64Go,6,6,3,3,3,0,0
Samsung,Galaxy A21s 64Go,5,3,0,0,0,0,0
Samsung,Galaxy A32 4G 128Go,6,6,6,6,6,0,0
Samsung,Galaxy A51 64Go,6,6,6,2,2,0,0
Samsung,Galaxy J2 Core 2020 16Go,5,5,5,0,0,0,0
Samsung,Galaxy M11 32Go,6,4,0,0,0,0,0
Samsung,Galaxy M31 128Go,5,5,5,2,0,0,0
Samsung,Galaxy M31 64Go,5,5,5,2,0,0,0
Xiaomi,Mi 10t 5G 128Go,6,4,0,0,0,0,0
Xiaomi,Mi 10t Pro 5G 256Go,5,5,5,5,0,0,0
Xiaomi,Mi 9 Lite 128Go,5,5,0,0,0,0,0
Xiaomi,Mi Note 10 128Go,6,6,6,5,0,0,0
Samsung,Galaxy A41 128Go,6,5,5,5,0,0,0
Xiaomi,Redmi 12 5G 128Go,5,5,5,5,0,0,0
Samsung,Galaxy A07 4G 128Go,6,5,3,0,0,0,0
Samsung,Galaxy A07 4G 256Go,6,5,3,0,0,0,0
Xiaomi,Poco M8 128Go,6,6,2,0,0,0,0
Xiaomi,Poco M8 256Go,6,6,2,0,0,0,0
Xiaomi,Mi Note 10 Lite 128Go,4,4,4,2,0,0,0
Xiaomi,Mi Note 10 Lite 5G,4,2,0,0,0,0,0
Samsung,Galaxy A41 64Go,4,4,0,0,0,0,0
Samsung,Galaxy Xcover Pro 64Go,4,4,3,3,0,0,0
Xiaomi,Mi Note 10 Lite 64Go,4,2,0,0,0,0,0
Samsung,Galaxy A03 Core 32Go,4,2,0,0,0,0,0
Xiaomi,Poco X5 Pro 256Go,4,0,0,0,0,0,0
Samsung,Galaxy A14 4G 64Go,4,3,0,0,0,0,0
Xiaomi,Redmi 12 128Go,4,4,4,4,0,0,0
Samsung,Galaxy M16 256Go,4,2,0,0,0,0,0
Apple,iPhone 8 64Go,3,2,0,0,0,0,0
Apple,iPhone 8 128Go,3,2,0,0,0,0,0
Xiaomi,Mi 11 Lite 4G 128Go,3,3,2,0,0,0,0
Xiaomi,Poco M2 128Go,3,3,3,0,0,0,0
Xiaomi,Poco M2 64Go,3,3,3,0,0,0,0
Samsung,Galaxy A04s 32Go,3,0,0,0,0,0,0
Xiaomi,Redmi K60 Pro / Poco F5 Pro 128Go,3,0,0,0,0,0,0
Xiaomi,Redmi K60 Pro / Poco F5 Pro 256Go,3,0,0,0,0,0,0
Xiaomi,Redmi K60 Pro / Poco F5 Pro 512Go,3,0,0,0,0,0,0
Samsung,Galaxy M55s 128Go,3,3,3,0,0,0,0
Samsung,Galaxy A03s 64Go,2,2,2,0,0,0,0
Samsung,Galaxy A32 4G 64Go,2,2,2,2,2,0,0
Samsung,Galaxy Note 8 128Go,2,2,2,0,0,0,0
Samsung,Galaxy Note 8 256Go,2,2,2,0,0,0,0
Samsung,Galaxy S9 Plus 128Go,2,2,2,0,0,0,0
Samsung,Galaxy S9 Plus 256Go,2,2,2,0,0,0,0
Samsung,Galaxy S9 Plus 64Go,2,2,2,0,0,0,0
Xiaomi,Redmi 10 2022 128Go,2,2,0,0,0,0,0
Xiaomi,Redmi 9i 64Go,2,2,2,0,0,0,0
Xiaomi,Redmi Note 9 Pro 128Go,2,0,0,0,0,0,0
Xiaomi,Redmi Note 9 Pro 256Go,2,0,0,0,0,0,0
Xiaomi,Redmi A1+ 32Go,2,2,2,0,0,0,0
Xiaomi,Redmi Note 9 Pro 5G 128Go,2,0,0,0,0,0,0
Samsung,Galaxy M05 64Go,2,2,0,0,0,0,0
Samsung,Galaxy A05 64Go,2,0,0,0,0,0,0
Samsung,Galaxy A07 4G 64Go,2,2,0,0,0,0,0
Apple,iPhone 3G,0,0,0,0,0,0,0
Samsung,E2530,0,0,0,0,0,0,0
Samsung,J400,0,0,0,0,0,0,0
Apple,iPhone 4 8Go,0,0,0,0,0,0,0
Apple,iPhone 4S 8Go,0,0,0,0,0,0,0
Apple,iPhone 5 16Go,0,0,0,0,0,0,0
Samsung,Galaxy S4 Mini i9195 LTE,0,0,0,0,0,0,0
Apple,iPhone 5S 16Go,0,0,0,0,0,0,0
Apple,iPhone 5C 32Go,0,0,0,0,0,0,0
Apple,iPhone 5C 16Go,0,0,0,0,0,0,0
Apple,iPhone 5C 64Go,0,0,0,0,0,0,0
Apple,iPhone 5C 8Go,0,0,0,0,0,0,0
Samsung,Galaxy SIII Mini Value Edition i8200,0,0,0,0,0,0,0
Apple,iPhone 6 Plus 128Go,0,0,0,0,0,0,0
Apple,iPhone 6 Plus 64Go,0,0,0,0,0,0,0
Apple,iPhone 6 128Go,0,0,0,0,0,0,0
Apple,iPhone 6 64Go,0,0,0,0,0,0,0
Apple,iPhone 6 16Go,0,0,0,0,0,0,0
Apple,iPhone 6 Plus 16Go,0,0,0,0,0,0,0
Apple,iPhone 6S 16Go,0,0,0,0,0,0,0
Apple,iPhone 6S 64Go,0,0,0,0,0,0,0
Apple,iPhone 6S 128Go,0,0,0,0,0,0,0
Apple,iPhone 6S Plus 16Go,0,0,0,0,0,0,0
Apple,iPhone 6S Plus 64Go,0,0,0,0,0,0,0
Apple,iPhone 6S Plus 128Go,0,0,0,0,0,0,0
Apple,Iphone 6 32Go,0,0,0,0,0,0,0
Xiaomi,MI 4i,0,0,0,0,0,0,0
Apple,iPhone SE 16Go,0,0,0,0,0,0,0
Apple,iPhone SE 64Go,0,0,0,0,0,0,0
Samsung,galaxy note 5 64Go,0,0,0,0,0,0,0
Apple,iPhone 7 32Go,0,0,0,0,0,0,0
Apple,iPhone 7 128Go,0,0,0,0,0,0,0
Apple,iPhone 7 256Go,0,0,0,0,0,0,0
Apple,iPhone 7 Plus 32Go,0,0,0,0,0,0,0
Apple,iPhone 7 Plus 128Go,0,0,0,0,0,0,0
Apple,iPhone 7 Plus 256Go,0,0,0,0,0,0,0
Apple,iPhone 6S 32Go,0,0,0,0,0,0,0
Apple,iPhone 6S Plus 32Go,0,0,0,0,0,0,0
Samsung,Galaxy S4 mini I9195 LTE - La Fleur Edition,0,0,0,0,0,0,0
Samsung,Galaxy S4 mini I9195 LTE Duos - La Fleur Edition,0,0,0,0,0,0,0
Apple,iPhone SE 128Go,0,0,0,0,0,0,0
Apple,iPhone SE 32Go,0,0,0,0,0,0,0
Google,Pixel 2 XL 128Go,0,0,0,0,0,0,0
Samsung,Galaxy A8 Plus 2018 32Go,0,0,0,0,0,0,0
Xiaomi,Redmi Note 5 Pro,0,0,0,0,0,0,0
Xiaomi,MI MAX,0,0,0,0,0,0,0
Xiaomi,MI A2 LITE Double Sim 32Go,0,0,0,0,0,0,0
Samsung,Galaxy A7 2018 64Go,0,0,0,0,0,0,0
Google,Pixel 3 XL 128Go,0,0,0,0,0,0,0
Google,Pixel 3 128Go,0,0,0,0,0,0,0
Xiaomi,MI Mix 2S 128Go,0,0,0,0,0,0,0
Xiaomi,Pocophone F1 128Go,0,0,0,0,0,0,0
Xiaomi,Mi A2 64Go,0,0,0,0,0,0,0
Xiaomi,Redmi Note 5 64Go,0,0,0,0,0,0,0
Apple,iPhone 3GS 8Go USA,0,0,0,0,0,0,0
Xiaomi,Mi Play,0,0,0,0,0,0,0
Xiaomi,Redmi Note 5 Plus,0,0,0,0,0,0,0
Xiaomi,Mi 6 128Go,0,0,0,0,0,0,0
Xiaomi,Redmi Note 5 Plus 64Go,0,0,0,0,0,0,0
Xiaomi,MI CC 9,0,0,0,0,0,0,0
Xiaomi,MI CC 9e,0,0,0,0,0,0,0
Xiaomi,Redmi K20 64Go,0,0,0,0,0,0,0
Xiaomi,Redmi Note 7S,0,0,0,0,0,0,0
Xiaomi,Mi 4c 32Go,0,0,0,0,0,0,0
Xiaomi,Mi 4i 32Go,0,0,0,0,0,0,0
Xiaomi,Mi 4 64Go,0,0,0,0,0,0,0
Xiaomi,Redmi Note 7s 64Go,0,0,0,0,0,0,0
Xiaomi,Redmi Note 7 64Go,0,0,0,0,0,0,0
Xiaomi,Redmi Note 7 128Go,0,0,0,0,0,0,0
Google,Pixel 4 128Go,0,0,0,0,0,0,0
Google,Pixel 4 XL 128Go,0,0,0,0,0,0,0
Xiaomi,Redmi Note 6 Pro 64Go,0,0,0,0,0,0,0
Xiaomi,MI 9T Pro 128Go,0,0,0,0,0,0,0
Xiaomi,MI 9T Pro 256Go,0,0,0,0,0,0,0
Xiaomi,Mi 9T 128Go,0,0,0,0,0,0,0
Xiaomi,Mi 9 128Go,0,0,0,0,0,0,0
Xiaomi,M9 Lite,0,0,0,0,0,0,0
Xiaomi,Redmi Note 8 64Go,0,0,0,0,0,0,0
Xiaomi,Redmi Note 8 Pro 128Go,0,0,0,0,0,0,0
Xiaomi,Redmi Note 8T 128Go,0,0,0,0,0,0,0
Xiaomi,Redmi Note 8T 64Go,0,0,0,0,0,0,0
Xiaomi,Redmi Note 8 128Go,0,0,0,0,0,0,0
Xiaomi,Redmi Note 7 Pro 128Go,0,0,0,0,0,0,0
Xiaomi,Redmi 7 64Go,0,0,0,0,0,0,0
Xiaomi,Redmi 7 32Go,0,0,0,0,0,0,0
Xiaomi,Mi A3 128Go,0,0,0,0,0,0,0
Xiaomi,Redmi Note 5a Prime,0,0,0,0,0,0,0
Xiaomi,Redmi Note 8 Pro 256Go,0,0,0,0,0,0,0
Xiaomi,Pocophone F1 256Go,0,0,0,0,0,0,0
Xiaomi,MI Mix 2S 256Go,0,0,0,0,0,0,0
Xiaomi,Redmi 8 64Go,0,0,0,0,0,0,0
Xiaomi,Redmi Note 5A 64Go,0,0,0,0,0,0,0
Xiaomi,Mi A2 128Go,0,0,0,0,0,0,0
Xiaomi,Redmi Note 4 64Go,0,0,0,0,0,0,0
Xiaomi,Mi 9 256Go,0,0,0,0,0,0,0
Xiaomi,Redmi 6 64Go,0,0,0,0,0,0,0
Xiaomi,Redmi 6A 32Go,0,0,0,0,0,0,0
Xiaomi,Redmi 5A 32Go,0,0,0,0,0,0,0
Xiaomi,MI 9 SE 128Go,0,0,0,0,0,0,0
Xiaomi,MI A2 LITE Double Sim 64Go,0,0,0,0,0,0,0
Xiaomi,Redmi Note 11S 5G 64Go,0,0,0,0,0,0,0
Xiaomi,Redmi Note 8 2021 64Go,0,0,0,0,0,0,0
Xiaomi,Redmi Note 9 M2003J15SG,0,0,0,0,0,0,0
Samsung,Galaxy A01 16Go,0,0,0,0,0,0,0
Samsung,Galaxy A01 32Go,0,0,0,0,0,0,0
Samsung,Galaxy A01 Core 16Go,0,0,0,0,0,0,0
Samsung,Galaxy A01 Core 32Go,0,0,0,0,0,0,0
Samsung,Galaxy A02 32Go,0,0,0,0,0,0,0
Samsung,Galaxy A02s 32Go,0,0,0,0,0,0,0
Samsung,Galaxy A03 32Go,0,0,0,0,0,0,0
Samsung,Galaxy A03s 32Go,0,0,0,0,0,0,0
Samsung,Galaxy A10 32Go,0,0,0,0,0,0,0
Samsung,Galaxy A10s 32Go,0,0,0,0,0,0,0
Samsung,Galaxy A12 128Go,0,0,0,0,0,0,0
Samsung,Galaxy A12 64Go,0,0,0,0,0,0,0
Samsung,Galaxy A12 Nacho 128Go,0,0,0,0,0,0,0
Samsung,Galaxy A12 Nacho 32Go,0,0,0,0,0,0,0
Samsung,Galaxy A12 Nacho 64Go,0,0,0,0,0,0,0
Samsung,Galaxy A12 32Go,0,0,0,0,0,0,0
Samsung,Galaxy A2 Core 16Go,0,0,0,0,0,0,0
Samsung,Galaxy A2 Core 8Go,0,0,0,0,0,0,0
Samsung,Galaxy A20 16Go,0,0,0,0,0,0,0
Samsung,Galaxy A20 32Go,0,0,0,0,0,0,0
Samsung,Galaxy A20e 16Go,0,0,0,0,0,0,0
Samsung,Galaxy A20e 32Go,0,0,0,0,0,0,0
Samsung,Galaxy A20s 32Go,0,0,0,0,0,0,0
Samsung,Galaxy A20s 64Go,0,0,0,0,0,0,0
Samsung,Galaxy A21 32Go,0,0,0,0,0,0,0
Samsung,Galaxy A21s 32Go,0,0,0,0,0,0,0
Samsung,Galaxy A3 16Go,0,0,0,0,0,0,0
Samsung,Galaxy A3 2016 16GO,0,0,0,0,0,0,0
Samsung,Galaxy A3 2017 16Go,0,0,0,0,0,0,0
Samsung,Galaxy A30 32Go,0,0,0,0,0,0,0
Samsung,Galaxy A30 64Go,0,0,0,0,0,0,0
Samsung,Galaxy A30s 64Go,0,0,0,0,0,0,0
Samsung,Galaxy A30s 128Go,0,0,0,0,0,0,0
Samsung,Galaxy A30s 32Go,0,0,0,0,0,0,0
Samsung,Galaxy A31 64Go,0,0,0,0,0,0,0
Samsung,Galaxy A40 128Go,0,0,0,0,0,0,0
Samsung,Galaxy A40 64Go,0,0,0,0,0,0,0
Samsung,Galaxy A40 EE 64Go,0,0,0,0,0,0,0
Samsung,Galaxy A40s 128Go,0,0,0,0,0,0,0
Samsung,Galaxy A40s 64Go,0,0,0,0,0,0,0
Samsung,Galaxy A5 2016 16Go,0,0,0,0,0,0,0
Samsung,Galaxy A5 2017 32Go,0,0,0,0,0,0,0
Samsung,Galaxy A5 2017 64Go,0,0,0,0,0,0,0
Samsung,Galaxy A50 128Go,0,0,0,0,0,0,0
Samsung,Galaxy A50 64Go,0,0,0,0,0,0,0
Samsung,Galaxy A50s 128Go,0,0,0,0,0,0,0
Samsung,Galaxy A50s 64Go,0,0,0,0,0,0,0
Samsung,Galaxy A6 2018 32Go,0,0,0,0,0,0,0
Samsung,Galaxy A6 2018 64Go,0,0,0,0,0,0,0
Samsung,Galaxy A6 Plus 2018 32Go,0,0,0,0,0,0,0
Samsung,Galaxy A6 Plus 2018 64Go,0,0,0,0,0,0,0
Samsung,Galaxy A60 128Go,0,0,0,0,0,0,0
Samsung,Galaxy A60 64Go,0,0,0,0,0,0,0
Samsung,Galaxy A6s 128Go,0,0,0,0,0,0,0
Samsung,Galaxy A6s 64Go,0,0,0,0,0,0,0
Samsung,Galaxy A7 16Go,0,0,0,0,0,0,0
Samsung,Galaxy A7 2016 16Go,0,0,0,0,0,0,0
Samsung,Galaxy A7 2017 64Go,0,0,0,0,0,0,0
Samsung,Galaxy A7 2017 32Go,0,0,0,0,0,0,0
Samsung,Galaxy A7 2018 128Go,0,0,0,0,0,0,0
Samsung,Galaxy A8 2018 32Go,0,0,0,0,0,0,0
Samsung,Galaxy A8 2018 64Go,0,0,0,0,0,0,0
Samsung,Galaxy A8 Duos 32Go,0,0,0,0,0,0,0
Samsung,Galaxy A8 2016 A810F,0,0,0,0,0,0,0
Samsung,Galaxy A8 Plus 2018 64Go,0,0,0,0,0,0,0
Samsung,Galaxy A8 Star,0,0,0,0,0,0,0
Samsung,Galaxy A8s 128Go,0,0,0,0,0,0,0
Samsung,Galaxy A9 2016 32Go,0,0,0,0,0,0,0
Samsung,Galaxy A9 2018 128Go,0,0,0,0,0,0,0
Samsung,Galaxy A9 2018 64Go,0,0,0,0,0,0,0
Samsung,Galaxy A9 Pro 2016 32Go,0,0,0,0,0,0,0
Samsung,Galaxy A90 128Go,0,0,0,0,0,0,0
Samsung,Galaxy A90 128Go DS,0,0,0,0,0,0,0
Samsung,Galaxy A90 5G 128Go,0,0,0,0,0,0,0
Samsung,Galaxy C7 32Go,0,0,0,0,0,0,0
Samsung,Galaxy C7 Pro 32Go,0,0,0,0,0,0,0
Samsung,Galaxy Grand Prime Pro 2018 16Go,0,0,0,0,0,0,0
Samsung,Galaxy J1 2016,0,0,0,0,0,0,0
Samsung,Galaxy J1 3G,0,0,0,0,0,0,0
Samsung,Galaxy J1 Mini 2016,0,0,0,0,0,0,0
Samsung,Galaxy J1 mini prime,0,0,0,0,0,0,0
Samsung,Galaxy J2 Core 8Go,0,0,0,0,0,0,0
Samsung,Galaxy J2 Prime 8go,0,0,0,0,0,0,0
Samsung,Galaxy J2 Prime NZ,0,0,0,0,0,0,0
Samsung,Galaxy J2 Pro 2018 16Go,0,0,0,0,0,0,0
Samsung,Galaxy J3 2016 16Go,0,0,0,0,0,0,0
Samsung,Galaxy J3 2016 8Go,0,0,0,0,0,0,0
Samsung,Galaxy J3 2017 16Go,0,0,0,0,0,0,0
Samsung,Galaxy J3 2018 16Go,0,0,0,0,0,0,0
Samsung,Galaxy J3 Pro 2017 16Go,0,0,0,0,0,0,0
Samsung,GALAXY J4 2018 16Go,0,0,0,0,0,0,0
Samsung,GALAXY J4 2018 32Go,0,0,0,0,0,0,0
Samsung,Galaxy J4 Core 16Go,0,0,0,0,0,0,0
Samsung,Galaxy J4 Plus 16Go,0,0,0,0,0,0,0
Samsung,Galaxy J4 Plus 32Go,0,0,0,0,0,0,0
Samsung,Galaxy J5 16Go,0,0,0,0,0,0,0
Samsung,Galaxy J5 8Go,0,0,0,0,0,0,0
Samsung,Galaxy J5 2016 16Go,0,0,0,0,0,0,0
Samsung,Galaxy J5 2017 16Go,0,0,0,0,0,0,0
Samsung,Galaxy J5 Prime 16Go,0,0,0,0,0,0,0
Samsung,Galaxy J5 Prime 32Go,0,0,0,0,0,0,0
Samsung,Galaxy J5 Prime 2017 16Go,0,0,0,0,0,0,0
Samsung,Galaxy J6 2018 16Go,0,0,0,0,0,0,0
Samsung,Galaxy J6 2018 32Go,0,0,0,0,0,0,0
Samsung,Galaxy J6 2018 64Go,0,0,0,0,0,0,0
Samsung,Galaxy J6 Plus 2018 32Go,0,0,0,0,0,0,0
Samsung,Galaxy J6 Plus 2018 64Go,0,0,0,0,0,0,0
Samsung,Galaxy J6 Plus,0,0,0,0,0,0,0
Samsung,Galaxy J7 16Go,0,0,0,0,0,0,0
Samsung,Galaxy J7 2016 16Go,0,0,0,0,0,0,0
Samsung,Galaxy J7 2016 J710FNDS,0,0,0,0,0,0,0
Samsung,Galaxy J7 2017 16GO,0,0,0,0,0,0,0
Samsung,Galaxy J7 2018 16Go,0,0,0,0,0,0,0
Samsung,Galaxy J7 2018 32Go,0,0,0,0,0,0,0
Samsung,Galaxy J7 Core,0,0,0,0,0,0,0
Samsung,Galaxy J7 Duos 32Go,0,0,0,0,0,0,0
Samsung,Galaxy J7 Max G615FDS,0,0,0,0,0,0,0
Samsung,Galaxy j7 prime 16Go,0,0,0,0,0,0,0
Samsung,Galaxy J7 prime 32Go,0,0,0,0,0,0,0
Samsung,Galaxy J7 Prime 2,0,0,0,0,0,0,0
Samsung,Galaxy J7 Prime G610YDS,0,0,0,0,0,0,0
Samsung,Galaxy J7 Pro 16Go,0,0,0,0,0,0,0
Samsung,Galaxy J7 Pro 32Go,0,0,0,0,0,0,0
Samsung,Galaxy J7 Pro 64Go,0,0,0,0,0,0,0
Samsung,Galaxy J8 2018 32Go,0,0,0,0,0,0,0
Samsung,Galaxy J8 2018 64GO,0,0,0,0,0,0,0
Samsung,Galaxy M10 32Go,0,0,0,0,0,0,0
Samsung,GALAXY M10 Global 16Go,0,0,0,0,0,0,0
Samsung,Galaxy M10s 32Go,0,0,0,0,0,0,0
Samsung,Galaxy M20 32Go,0,0,0,0,0,0,0
Samsung,Galaxy M20 64Go,0,0,0,0,0,0,0
Samsung,Galaxy M21 64Go,0,0,0,0,0,0,0
Samsung,Galaxy M30 128Go,0,0,0,0,0,0,0
Samsung,Galaxy M30 32Go,0,0,0,0,0,0,0
Samsung,Galaxy M30 64Go,0,0,0,0,0,0,0
Samsung,GALAXY M30 DS 128Go,0,0,0,0,0,0,0
Samsung,Galaxy M30s 128Go,0,0,0,0,0,0,0
Samsung,Galaxy M30s 64Go,0,0,0,0,0,0,0
Samsung,Galaxy M40 128Go,0,0,0,0,0,0,0
Samsung,Galaxy M40 64Go,0,0,0,0,0,0,0
Samsung,Galaxy Note 5 32Go,0,0,0,0,0,0,0
Samsung,Galaxy Note 8 64Go,0,0,0,0,0,0,0
Samsung,Galaxy Note FE,0,0,0,0,0,0,0
Samsung,Galaxy S6 128Go,0,0,0,0,0,0,0
Samsung,Galaxy S6 32Go,0,0,0,0,0,0,0
Samsung,Galaxy S6 D 64Go,0,0,0,0,0,0,0
Samsung,Galaxy S6 active 64Go,0,0,0,0,0,0,0
Samsung,Galaxy S6 Edge Plus 32Go,0,0,0,0,0,0,0
Samsung,Galaxy S6 edge Plus 64Go,0,0,0,0,0,0,0
Samsung,Galaxy S7 32Go,0,0,0,0,0,0,0
Samsung,Galaxy S7 64Go,0,0,0,0,0,0,0
Samsung,Galaxy S7 Edge 128Go,0,0,0,0,0,0,0
Samsung,Galaxy S7 Edge 32Go,0,0,0,0,0,0,0
Samsung,Galaxy S7 Edge 64Go,0,0,0,0,0,0,0
Samsung,Galaxy S8 64Go,0,0,0,0,0,0,0
Samsung,Galaxy S8 Plus 128Go,0,0,0,0,0,0,0
Samsung,Galaxy S8 Plus 64Go,0,0,0,0,0,0,0
Samsung,Galaxy S9 128Go,0,0,0,0,0,0,0
Samsung,Galaxy S9 256Go,0,0,0,0,0,0,0
Samsung,Galaxy S9 64Go,0,0,0,0,0,0,0
Samsung,Galaxy Xcover FieldPro 64GO,0,0,0,0,0,0,0
Samsung,Galaxy Xcover5 64Go,0,0,0,0,0,0,0
Samsung,Galaxy Z Flip 256Go,0,0,0,0,0,0,0
Xiaomi,Black Shark 128Go,0,0,0,0,0,0,0
Xiaomi,Black Shark 64Go,0,0,0,0,0,0,0
Xiaomi,Black Shark 2 128Go,0,0,0,0,0,0,0
Xiaomi,Black Shark 2 256Go,0,0,0,0,0,0,0
Xiaomi,Mi 10 Lite 5G 64Go,0,0,0,0,0,0,0
Xiaomi,Mi 5 32Go,0,0,0,0,0,0,0
Xiaomi,Mi 5S 32Go,0,0,0,0,0,0,0
Xiaomi,MI 6 64Go,0,0,0,0,0,0,0
Xiaomi,Mi 8 128Go,0,0,0,0,0,0,0
Xiaomi,Mi 8 256Go,0,0,0,0,0,0,0
Xiaomi,Mi 8 64Go,0,0,0,0,0,0,0
Xiaomi,Mi 8 Lite 128Go,0,0,0,0,0,0,0
Xiaomi,Mi 8 Lite 64Go,0,0,0,0,0,0,0
Xiaomi,Mi 8 Pro 128Go,0,0,0,0,0,0,0
Xiaomi,Mi 8 SE 64Go,0,0,0,0,0,0,0
Xiaomi,Mi 9 64Go,0,0,0,0,0,0,0
Xiaomi,Mi 9 Lite 64Go,0,0,0,0,0,0,0
Xiaomi,MI 9 SE 64Go,0,0,0,0,0,0,0
Xiaomi,Mi 9T 64Go,0,0,0,0,0,0,0
Xiaomi,MI 9T Pro 64Go,0,0,0,0,0,0,0
Xiaomi,Mi A1 32Go,0,0,0,0,0,0,0
Xiaomi,Mi A1 64Go,0,0,0,0,0,0,0
Xiaomi,Mi A2 32Go,0,0,0,0,0,0,0
Xiaomi,Mi A2 Lite (Redmi 6 Pro)  32Go,0,0,0,0,0,0,0
Xiaomi,Mi A2 Lite (Redmi 6 Pro) 64Go,0,0,0,0,0,0,0
Xiaomi,Mi A3 64Go,0,0,0,0,0,0,0
Xiaomi,Mi Max 3 128Go,0,0,0,0,0,0,0
Xiaomi,Mi Max 3 64Go,0,0,0,0,0,0,0
Xiaomi,Mi Mix 256Go,0,0,0,0,0,0,0
Xiaomi,Mi Mix 128Go,0,0,0,0,0,0,0
Xiaomi,Mi Mix 2 128Go,0,0,0,0,0,0,0
Xiaomi,Mi Mix 2 256Go,0,0,0,0,0,0,0
Xiaomi,Mi Mix 2 64Go,0,0,0,0,0,0,0
Xiaomi,MI Mix 2S 64Go,0,0,0,0,0,0,0
Xiaomi,Mi Mix 3 128Go,0,0,0,0,0,0,0
Xiaomi,Mi Mix 3 256Go,0,0,0,0,0,0,0
Xiaomi,Mi mix 3 5G 128Go,0,0,0,0,0,0,0
Xiaomi,Mi mix 3 5G 64Go,0,0,0,0,0,0,0
Xiaomi,Mi Note 2 128Go,0,0,0,0,0,0,0
Xiaomi,Mi Note 3 128Go,0,0,0,0,0,0,0
Xiaomi,Poco C3 32Go,0,0,0,0,0,0,0
Xiaomi,Poco F3 5G 128Go,0,0,0,0,0,0,0
Xiaomi,Poco F3 5G 256Go,0,0,0,0,0,0,0
Xiaomi,Poco M3 128Go,0,0,0,0,0,0,0
Xiaomi,Poco M3 64Go,0,0,0,0,0,0,0
Xiaomi,Poco M3 Pro 5G 64Go,0,0,0,0,0,0,0
Xiaomi,Poco X3 64Go,0,0,0,0,0,0,0
Xiaomi,Pocophone F1 64Go,0,0,0,0,0,0,0
Xiaomi,Redmi 10 128Go,0,0,0,0,0,0,0
Xiaomi,Redmi 10 64Go,0,0,0,0,0,0,0
Xiaomi,Redmi 10 2022 64Go,0,0,0,0,0,0,0
Xiaomi,Redmi 10A 32Go,0,0,0,0,0,0,0
Xiaomi,Redmi 10C 128Go,0,0,0,0,0,0,0
Xiaomi,Redmi 10C 64Go,0,0,0,0,0,0,0
Xiaomi,Redmi 5 16Go,0,0,0,0,0,0,0
Xiaomi,Redmi 5 32Go,0,0,0,0,0,0,0
Xiaomi,Redmi 5 Plus 32Go,0,0,0,0,0,0,0
Xiaomi,Redmi 5 Plus 64Go,0,0,0,0,0,0,0
Xiaomi,Redmi 6 32Go,0,0,0,0,0,0,0
Xiaomi,Redmi 6A 16Go,0,0,0,0,0,0,0
Xiaomi,Redmi 7 16Go,0,0,0,0,0,0,0
Xiaomi,Redmi 7A 16Go,0,0,0,0,0,0,0
Xiaomi,Redmi 7A 32Go,0,0,0,0,0,0,0
Xiaomi,Redmi 8 32Go,0,0,0,0,0,0,0
Xiaomi,Redmi 8A 32Go,0,0,0,0,0,0,0
Xiaomi,Redmi 8A 64Go,0,0,0,0,0,0,0
Xiaomi,Redmi 9 32Go,0,0,0,0,0,0,0
Xiaomi,Redmi 9 64Go,0,0,0,0,0,0,0
Xiaomi,Redmi 9A 32GO,0,0,0,0,0,0,0
Xiaomi,Redmi 9AT 32Go,0,0,0,0,0,0,0
Xiaomi,Redmi 9C 128Go,0,0,0,0,0,0,0
Xiaomi,Redmi 9C 32Go,0,0,0,0,0,0,0
Xiaomi,Redmi 9C 64Go,0,0,0,0,0,0,0
Xiaomi,Redmi 9t 128Go,0,0,0,0,0,0,0
Xiaomi,Redmi 9t 32Go,0,0,0,0,0,0,0
Xiaomi,Redmi 9t 64Go,0,0,0,0,0,0,0
Xiaomi,Redmi Go 8Go,0,0,0,0,0,0,0
Xiaomi,Redmi K20 Pro 128Go,0,0,0,0,0,0,0
Xiaomi,Redmi K20 Pro 256Go,0,0,0,0,0,0,0
Xiaomi,Redmi K20 Pro 64Go,0,0,0,0,0,0,0
Xiaomi,Redmi K30 128Go,0,0,0,0,0,0,0
Xiaomi,Redmi K30 256Go,0,0,0,0,0,0,0
Xiaomi,Redmi K30 64Go,0,0,0,0,0,0,0
Xiaomi,Redmi K30 5G 128Go,0,0,0,0,0,0,0
Xiaomi,Redmi K30 5G 256Go,0,0,0,0,0,0,0
Xiaomi,Redmi K30 5G 64Go,0,0,0,0,0,0,0
Xiaomi,Redmi Note 10 4G 128Go,0,0,0,0,0,0,0
Xiaomi,Redmi Note 10 4G 64Go,0,0,0,0,0,0,0
Xiaomi,Redmi Note 10 5G 128Go,0,0,0,0,0,0,0
Xiaomi,Redmi Note 10 5G 64Go,0,0,0,0,0,0,0
Xiaomi,Redmi Note 10S 64Go,0,0,0,0,0,0,0
Xiaomi,Redmi Note 11 64Go,0,0,0,0,0,0,0
Xiaomi,Redmi Note 2 16Go,0,0,0,0,0,0,0
Xiaomi,Redmi Note 3 16Go,0,0,0,0,0,0,0
Xiaomi,Redmi Note 4 32Go,0,0,0,0,0,0,0
Xiaomi,Redmi Note 5 32Go,0,0,0,0,0,0,0
Xiaomi,Redmi Note 5A 32Go,0,0,0,0,0,0,0
Xiaomi,Redmi Note 6 Pro 32Go,0,0,0,0,0,0,0
Xiaomi,Redmi Note 7 32Go,0,0,0,0,0,0,0
Xiaomi,Redmi Note 7 Pro 64Go,0,0,0,0,0,0,0
Xiaomi,Redmi Note 8 32GO,0,0,0,0,0,0,0
Xiaomi,Redmi Note 8 Pro 64Go,0,0,0,0,0,0,0
Xiaomi,Redmi Note 8T 32Go,0,0,0,0,0,0,0
Xiaomi,Redmi Note 9 128Go,0,0,0,0,0,0,0
Xiaomi,Redmi Note 9 32Go,0,0,0,0,0,0,0
Xiaomi,Redmi Note 9 64Go,0,0,0,0,0,0,0
Xiaomi,Redmi Note 9 Pro 64Go,0,0,0,0,0,0,0
Xiaomi,Redmi Note 9S 128Go,0,0,0,0,0,0,0
Xiaomi,Redmi Note 9S 64Go,0,0,0,0,0,0,0
Xiaomi,Redmi Note 9t 5g 128Go,0,0,0,0,0,0,0
Xiaomi,Redmi Note 9t 5g 64Go,0,0,0,0,0,0,0
Xiaomi,Redmi S2 32Go,0,0,0,0,0,0,0
Xiaomi,Redmi S2 64Go,0,0,0,0,0,0,0
Xiaomi,Redmi Y3 32Go,0,0,0,0,0,0,0
Xiaomi,Redmi Y3 64Go,0,0,0,0,0,0,0
Google,Pixel 128Go,0,0,0,0,0,0,0
Google,Pixel 32Go,0,0,0,0,0,0,0
Google,Pixel 2 64Go,0,0,0,0,0,0,0
Google,Pixel 2 XL 64Go,0,0,0,0,0,0,0
Google,Pixel 3 64Go,0,0,0,0,0,0,0
Google,Pixel 3 XL 64Go,0,0,0,0,0,0,0
Google,Pixel 3a 64Go,0,0,0,0,0,0,0
Google,Pixel 3a XL 64Go,0,0,0,0,0,0,0
Google,Pixel 4 64Go,0,0,0,0,0,0,0
Google,Pixel 4 XL 64Go,0,0,0,0,0,0,0
Google,Pixel 4a 5G 128Go,0,0,0,0,0,0,0
Google,Pixel XL 128Go,0,0,0,0,0,0,0
Google,Pixel XL 32Go,0,0,0,0,0,0,0
Samsung,Galaxy A02s 16Go,0,0,0,0,0,0,0
Samsung,Galaxy A10e,0,0,0,0,0,0,0
Samsung,Galaxy A5 2016 32Go,0,0,0,0,0,0,0
Samsung,Galaxy A5 2016 64Go,0,0,0,0,0,0,0
Samsung,Galaxy A8,0,0,0,0,0,0,0
Samsung,Galaxy A8 (2016) 32Go,0,0,0,0,0,0,0
Samsung,Galaxy Ace 4,0,0,0,0,0,0,0
Samsung,Galaxy Alpha 32Go,0,0,0,0,0,0,0
Samsung,Galaxy C9 Pro,0,0,0,0,0,0,0
Samsung,Galaxy Core Prime,0,0,0,0,0,0,0
Samsung,Galaxy Core Prime Value Edition,0,0,0,0,0,0,0
Samsung,Galaxy Fold 5G 512Go,0,0,0,0,0,0,0
Samsung,Galaxy Grand 2 LTE 8Go,0,0,0,0,0,0,0
Samsung,Galaxy Grand Duos,0,0,0,0,0,0,0
Samsung,Galaxy Grand Prime Plus 8Go,0,0,0,0,0,0,0
Samsung,Galaxy Grand Prime Plus 16Go,0,0,0,0,0,0,0
Samsung,Galaxy Grand Prime Value Edition G531F,0,0,0,0,0,0,0
Samsung,Galaxy J1 4G,0,0,0,0,0,0,0
Samsung,Galaxy J1 Ace 3G Duos,0,0,0,0,0,0,0
Samsung,Galaxy J1 Ace J110,0,0,0,0,0,0,0
Samsung,Galaxy J2,0,0,0,0,0,0,0
Samsung,Galaxy J2 2016,0,0,0,0,0,0,0
Samsung,Galaxy J2 2018 j250Y,0,0,0,0,0,0,0
Samsung,Galaxy J2 Duos,0,0,0,0,0,0,0
Samsung,Galaxy J3 Emerge,0,0,0,0,0,0,0
Samsung,Galaxy J3 Pro,0,0,0,0,0,0,0
Samsung,Galaxy J6 2018,0,0,0,0,0,0,0
Samsung,Galaxy J7 Core Nxt,0,0,0,0,0,0,0
Samsung,Galaxy M10 16Go,0,0,0,0,0,0,0
Samsung,Galaxy Mega 2,0,0,0,0,0,0,0
Samsung,Galaxy Note 10 Plus Star Wars Special Edition,0,0,0,0,0,0,0
Samsung,Galaxy Note 3 N9000,0,0,0,0,0,0,0
Samsung,Galaxy Note 3 Neo N7505,0,0,0,0,0,0,0
Samsung,Galaxy Note 4 32Go,0,0,0,0,0,0,0
Samsung,Galaxy Note 4 N910H 3G,0,0,0,0,0,0,0
Samsung,Galaxy Note 9 64Go,0,0,0,0,0,0,0
Samsung,Galaxy Note Edge 32Go,0,0,0,0,0,0,0
Samsung,Galaxy Note Edge N915t,0,0,0,0,0,0,0
Samsung,Galaxy S10 SC-03L,0,0,0,0,0,0,0
Samsung,Galaxy S10 SC-04L,0,0,0,0,0,0,0
Samsung,Galaxy S4 zoom,0,0,0,0,0,0,0
Samsung,Galaxy S5 Duos 16Go,0,0,0,0,0,0,0
Samsung,GALAXY S5 16Go,0,0,0,0,0,0,0
Samsung,Galaxy S5 Active,0,0,0,0,0,0,0
Samsung,Galaxy S5 Plus 16Go,0,0,0,0,0,0,0
Samsung,Galaxy S5 Plus 32Go,0,0,0,0,0,0,0
Samsung,Galaxy S5 Zoom (K Zoom),0,0,0,0,0,0,0
Samsung,Galaxy S6 64Go,0,0,0,0,0,0,0
Samsung,Galaxy S6 active 32Go,0,0,0,0,0,0,0
Samsung,Galaxy S6 Edge 128Go,0,0,0,0,0,0,0
Samsung,Galaxy S6 Edge 32Go,0,0,0,0,0,0,0
Samsung,Galaxy S6 Edge 64Go,0,0,0,0,0,0,0
Samsung,Galaxy S6 G920A ATT,0,0,0,0,0,0,0
Samsung,Galaxy S6,0,0,0,0,0,0,0
Samsung,Galaxy S7 active 32Go,0,0,0,0,0,0,0
Samsung,Galaxy S7 Edge Limited Edition Black Pearl,0,0,0,0,0,0,0
Samsung,Galaxy S8 Active 64Go,0,0,0,0,0,0,0
Samsung,Galaxy Xcover 3 8Go,0,0,0,0,0,0,0
Samsung,Galaxy Xcover 4 16Go,0,0,0,0,0,0,0
Samsung,Galaxy Xcover 4S 32Go,0,0,0,0,0,0,0
Xiaomi,Mi 4 16Go,0,0,0,0,0,0,0
Samsung,A04 32Go,0,0,0,0,0,0,0
Samsung,Galaxy A13 (SM-A137) 32Go,0,0,0,0,0,0,0
Samsung,Galaxy A13 (SM-A137) 64Go,0,0,0,0,0,0,0
Xiaomi,Redmi 12C 64Go,0,0,0,0,0,0,0
Xiaomi,Redmi 12C 128Go,0,0,0,0,0,0,0
Xiaomi,Redmi A1 32Go,0,0,0,0,0,0,0
Xiaomi,Mi Mix 4 5G 256Go,0,0,0,0,0,0,0
Xiaomi,Poco X5 Pro 128Go,0,0,0,0,0,0,0
Xiaomi,Redmi K60 / Poco F5 256Go,0,0,0,0,0,0,0
Apple,Non référencé - iPhone,0,0,0,0,0,0,0
Xiaomi,Redmi K20 128Go,0,0,0,0,0,0,0
Xiaomi,Redmi K20 256Go,0,0,0,0,0,0,0
Xiaomi,Redmi 13R 128Go,0,0,0,0,0,0,0
Samsung,Galaxy A05s 64Go,0,0,0,0,0,0,0
Samsung,Galaxy M55 128Go,0,0,0,0,0,0,0
Samsung,Galaxy M55 256Go,0,0,0,0,0,0,0
Xiaomi,Poco C61 64Go,0,0,0,0,0,0,0
Xiaomi,Poco C61 128Go,0,0,0,0,0,0,0
Samsung,Galaxy C55 256Go,0,0,0,0,0,0,0
Xiaomi,Redmi A3 64Go,0,0,0,0,0,0,0
Xiaomi,Redmi A3 128Go,0,0,0,0,0,0,0
Xiaomi,Redmi 12C 32Go,0,0,0,0,0,0,0
Xiaomi,Poco M4 Pro 5G 128Go,0,0,0,0,0,0,0
Samsung,Galaxy F05 64Go,0,0,0,0,0,0,0
Xiaomi,Redmi 14C 128Go,0,0,0,0,0,0,0
Xiaomi,Redmi A3x 64Go,0,0,0,0,0,0,0
Xiaomi,Redmi A3x 128Go,0,0,0,0,0,0,0
Samsung,Galaxy M16 128Go,0,0,0,0,0,0,0
Samsung,Galaxy M06 128Go,0,0,0,0,0,0,0
Xiaomi,Redmi A2+ 32Go,0,0,0,0,0,0,0
Samsung,Galaxy F16 128Go,0,0,0,0,0,0,0
Xiaomi,Poco M7 128Go,0,0,0,0,0,0,0
Google,Pixel 2,0,0,0,0,0,0,0
Samsung,Galaxy F56 128Go,0,0,0,0,0,0,0
Samsung,Galaxy M56 128Go,0,0,0,0,0,0,0
Xiaomi,Poco F7 256Go,0,0,0,0,0,0,0
Xiaomi,Poco F7 512Go,0,0,0,0,0,0,0
Samsung,Galaxy M36 128Go,0,0,0,0,0,0,0
Samsung,Galaxy M36 256Go,0,0,0,0,0,0,0
Samsung,Galaxy F07 64Go,0,0,0,0,0,0,0
Samsung,Galaxy M07 64Go,0,0,0,0,0,0,0
Xiaomi,Redmi Turbo 5 Max 256Go,0,0,0,0,0,0,0
Xiaomi,Redmi Turbo 5 Max 512Go,0,0,0,0,0,0,0