code;subject;content;;;;;;;;
template;"Cash Converters Reprise {% include ""email_subject"" %}";"<!doctype html><html xmlns=""http://www.w3.org/1999/xhtml"" xmlns:v=""urn:schemas-microsoft-com:vml"" xmlns:o=""urn:schemas-microsoft-com:office:office""><head><meta http-equiv=""Content-Type"" content=""text/html"; color: #00788a;} a:hover {text-decoration: underline;} h2,h2 a,h2 a:visited,h3,h3 a,h3 a:visited,h4,h5,h6,.t_cht {color:#000 !important;} .ExternalClass, .ExternalClass div, .ExternalClass p, .ExternalClass span, .ExternalClass font, .ExternalClass td {line-height: 100%;} .ExternalClass {width: 100%;"}</style></head><body style=""""font-family:'Arial'"; font-size:13px;"><div cellspacing=""""0"""" cellpadding=""""0"""" width=""""550px"""">{% include """"email_content"""" %}<p><br>Nous restons à votre disposition.<br>Cordialement,<br>L'équipe Cash Converters by CompaRecycle</p><p><img src=""""{{ url_static_v3 }}i/cashconverters/cashconverters_mail.jpg"""" height=""""60px"""" alt=""""Logo Cash Converter"""" /></p></div></body></html>"""
alert_abandon;– Finalisez la reprise de votre produit;"Bonjour {{ firstname }},<br><br>Vous n’êtes pas allé(e) jusqu’au bout de votre reprise pour votre {{ product }} estimé à {{ amount }}€. Ne manquez pas cette offre qui est valable <b>15 jours</b> soit jusqu’au {{ expired_date_15d|date(""d/m/Y"") }} inclus.<br><br>Finalisez votre reprise pour offrir une seconde vie à votre produit : <a href=""{{ url }}"">vendez votre appareil au meilleur prix</a>.";;;;;;;;
transaction_confirmed;{{ label_product }} – Validation de votre reprise;Bonjour {{ firstname }},<br><br>Vous y êtes presque… &#128522;" N’envoyez pas de produit présentant l’un de ces défauts.<br><br></li><li><a href=""""{{ url_tracking }}"""">Suivez votre colis</a><br><br></li><li><a href=""""{{ url_summary_detail }}"""">Suivez votre reprise</a><br><br></li></ol>&#128336";" Ne tardez pas à envoyer votre produit : le prix de votre reprise est valable maximum <b>15 jours</b> soit jusqu'au {{ expired_date_15d|date(""""d/m/Y"""") }} !<br><br>Pour toute question sur votre reprise ou pour nous contacter, rendez-vous sur votre espace <a href=""""{{ url_summary_detail }}"""">« suivi de ma reprise »</a>""";;;;;;
transit_mail;{{ label_product }} – Votre produit est en transit;"Bonjour {{ firstname }},<br><br>Vous avez envoyé votre colis, il est en transit vers notre centre de traitement.<br><br>Vous pouvez suivre votre colis en cliquant sur <a href=""{{ url_tracking }}"">ce lien</a>.<br><br>Une fois reçu, nous procèderons au diagnostic de votre produit.";;;;;;;;
delivered_mail;{{ label_product }} - Réception de votre produit;Bonjour {{ firstname }},<br><br>Votre colis est arrivé dans notre centre de traitement, nous allons procéder au diagnostic de votre produit.<br><br>Vous serez informé par mail des résultats de ce diagnostic dans un délai de 3 jours ouvrés.;;;;;;;;
unsent_transaction_reminder_1;{{ label_product }} – Produit non reçu, il vous reste 12 jours pour l’envoyer;"Bonjour {{ firstname }},<br><br>Il semblerait que vous n’ayez pas encore déposé votre produit.<br><br>Si vous n’avez pas encore déposé votre colis :<br><ul><li>Nous vous invitons à télécharger et imprimer votre bon de cession et votre étiquette prépayée depuis votre <a href=""{{ url_summary_detail }}"">suivi de reprise</a></li><li>Insérez le bon de cession dans le colis</li><li>Collez l’étiquette d’envoi sur le colis</li><li>Déposez votre colis dans <a href=""https://www.mondialrelay.fr/trouver-le-point-relais-le-plus-proche-de-chez-moi/"">votre point relais</a></li></ul>Attention, l’offre de reprise est garantie 15 jours après la confirmation de reprise soit jusqu’au {{ ""now""|date_modify(""+12 day"")|date(""d/m/Y"") }} inclus. <b>Il ne vous reste plus que 12 jours pour envoyer votre produit.</b><br><br>Si vous avez envoyé votre colis récemment, merci de ne pas tenir compte de ce mail.";;;;;;;;
unsent_transaction_reminder_2;{{ label_product }} – Produit non reçu, il vous reste seulement 8 jours pour l’envoyer;"Bonjour {{ firstname }},<br><br>Votre colis n’est toujours pas arrivé dans notre centre de traitement.<br><br>Si vous n’avez pas encore déposé votre colis :<br><ul><li>Nous vous invitons à télécharger et imprimer votre bon de cession et votre étiquette prépayée depuis votre <a href=""{{ url_summary_detail }}"">suivi de reprise</a></li><li>Insérez le bon de cession dans le colis</li><li>Collez l’étiquette d’envoi sur le colis</li><li>Déposez votre colis dans <a href=""https://www.mondialrelay.fr/trouver-le-point-relais-le-plus-proche-de-chez-moi/"">votre point relais</a>.</li></ul>Attention, l’offre de reprise est garantie 15 jours après la confirmation de reprise soit jusqu’au {{ ""now""|date_modify(""+8 day"")|date(""d/m/Y"") }} inclus. <b>Il ne vous reste plus que 8 jours pour envoyer votre produit.</b><br><br>Si vous avez envoyé votre colis récemment, merci de ne pas tenir compte de ce mail.";;;;;;;;
unsent_transaction_reminder_3;{{ label_product }} – Offre de reprise expirée;"Bonjour {{ firstname }},<br><br>Malheureusement nous n’avons pas reçu votre produit à temps et l’offre de reprise {{ label_product }} n’est plus valable.<br><br>Vous pouvez toutefois encore estimer votre bien et choisir la meilleure offre de reprise en <a href=""{{ url }}"">cliquant ici</a>.<br><br>Si vous avez envoyé votre colis récemment, merci de ne pas tenir compte de ce mail.";;;;;;;;
validation_payment_conform;{{ label_product }} – Validation et paiement de votre produit;"Bonjour {{ firstname }},<br><br>Votre produit a été diagnostiqué conforme, nous avons le plaisir de vous confirmer l’offre de reprise d’un montant de {{ amount }}€.<br><br>Le virement sera effectué sur votre compte bancaire sous un délai de {{ payout_processing_delay_min }} à {{ payout_processing_delay_max }} jours ouvrés.<br><br>Nous vous remercions pour votre confiance, et nous espérons vous retrouver prochainement sur notre site pour donner une seconde vie à vos autres produits : <a href=""{{ url }}"">{{ url }}</a>.";;;;;;;;
product_diagnostic_difference;{{ label_product }} – Diagnostic de votre produit;"Bonjour {{ firstname }},<br><br>Le diagnostic de votre produit a révélé une ou plusieurs différence(s) avec le produit que nous avons reçu :<br><ul>{% for diagnostic in diagnostics %}{% if diagnostic.show %}<li>{{ diagnostic.label }}</li>{% endif %}{% endfor %}</ul>La nouvelle offre de reprise est de {{ amount }}€.<br><br>Vous pouvez :<br><ul><li>Accepter cette offre et recevoir un virement sous 3 à 5 jours ouvrés sur votre compte bancaire.</li><li>Refuser la nouvelle offre et récupérer votre produit à vos frais <a href=""{{ url_faq }}#reject-counter-offer"">Suivre les démarches pour récupérer le produit</a>.</li></ul>Exprimez votre choix en <a href=""{{ url_summary_detail }}"">cliquant ici</a> ou en vous rendant sur votre espace <a href=""{{ url_summary }}"">« Mon compte/Mes reprises »</a>.<br><br><b>Ne tardez pas ! Si, après 2 relances, vous ne vous êtes toujours pas manifesté(e), la nouvelle offre de reprise sera considérée comme acceptée et le montant de la nouvelle proposition vous sera versé sous 3 à 5 jours ouvrés.</b><br>";;;;;;;;
product_diagnostic_difference_zero;{{ label_product }} – Diagnostic de votre produit;"Bonjour {{ firstname }},<br><br>Le diagnostic de votre produit a révélé une ou plusieurs différence(s) avec le produit que nous avons reçu :<br><ul>{% for diagnostic in diagnostics %}{% if diagnostic.show %}<li>{{ diagnostic.label }}</li>{% endif %}{% endfor %}</ul>Ce qui nous amène malheureusement à ne pas pouvoir valoriser votre produit, il pourra en revanche être recyclé dans les filières agréées de recyclage afin d’être démantelé pour revalorisation des matériaux.<br><br>Ou vous pouvez le récupérer à tout moment. Pour cela, exprimez votre choix en <a href=""{{ url_summary_detail }}"">cliquant ici</a> ou en vous rendant sur votre espace <a href=""{{ url_summary }}"">« Mon compte/Mes reprises »</a> :<br><ul><li>Vous ne souhaitez pas le récupérer, nous vous proposons de nous informer de votre choix d’abandonner votre produit en cliquant sur « Abandonner mon produit » dans la rubrique <a href=""{{ url_summary_detail }}"">« Suivre mes reprises »</a>.</li><li>Vous refusez la proposition et vous souhaitez récupérer votre produit à vos frais <a href=""{{ url_faq }}#reject-counter-offer"">Suivre les démarches pour récupérer le produit</a></li></ul><b>Ne tardez pas ! Si, après 2 relances, vous ne vous êtes toujours pas manifesté(e), votre produit sera considéré comme abandonné.</b><br>";;;;;;;;
product_blocked;{{ label_product }} – Diagnostic de votre produit : non valorisé;"Bonjour {{ firstname }},<br><br>La vérification de votre produit lors de l’homologation n’a pas permis de finaliser les tests et de vous proposer une offre de reprise pour l’un des motifs suivants :<br><ul>{% for diagnostic in diagnostics %}{% if diagnostic.quarantine %}<li>{{ diagnostic.label }}</li>{% endif %}{% endfor %}</ul>Nous vous proposons :<br><ul><li>De récupérer votre produit à vos frais en nous transmettant un bon de transport retour. <a href=""{{ url_faq }}#reject-counter-offer"">Suivre les démarches pour récupérer le produit</a></li><li>D’abandonner votre produit, nous vous proposons de nous informer de votre choix d’abandonner votre produit en cliquant sur « Abandonner mon produit » dans la rubrique <a href=""{{ url_summary_detail }}"">« Suivre mes reprises »</a></li></ul><b>Ne tardez pas ! Si, après 2 relances, vous ne vous êtes toujours pas manifesté(e), votre produit sera considéré comme abandonné.</b><br><br><b>Important : Le cas échéant, en cas de refus de cette contre-proposition, le Bonus lié à cette reprise sera automatiquement annulé.</b>";;;;;;;;
product_diagnostic_difference_deee;{{ label_product }} – Diagnostic de votre produit, non valorisé;Bonjour {{ firstname }},<br><br>La vérification de votre produit lors de l’homologation a révélé que votre produit est considéré comme un « déchet d'équipement électrique et électronique » soumis à réglementation.<br><br>Ce produit présente des risques lors de sa manipulation et/ou son transport (risque d’explosion lié à l’état de la batterie…) et n’aurait jamais dû nous être envoyé.<br><br>Ce produit sera donc orienté vers la filière de recyclage approprié pour son démantèlement.;;;;;;;;
diagnostic_ko_reminder_1;{{ label_product }} – Diagnostic de votre produit, relance N°1;"Bonjour {{ firstname }},<br><br>Le diagnostic de votre produit a révélé une ou plusieurs différence(s) avec le produit que nous avons reçu :<br><ul>{% for diagnostic in diagnostics %}{% if diagnostic.show %}<li>{{ diagnostic.label }}</li>{% endif %}{% endfor %}</ul>La nouvelle offre de reprise est de {{ amount }}€.<br><br>Vous pouvez :<br><ul><li>Accepter cette offre et recevoir un virement sous 3 à 5 jours ouvrés sur votre compte bancaire.</li><li>Refuser la nouvelle offre et récupérer votre produit à vos frais <a href=""{{ url_faq }}#reject-counter-offer"">Suivre les démarches pour récupérer le produit</a>.</li></ul>Exprimez votre choix en <a href=""{{ url_summary_detail }}"">cliquant ici</a> ou en vous rendant sur votre espace <a href=""{{ url_summary }}"">« Mon compte/Mes reprises »</a>.<br><br><b>Ne tardez pas ! Si, après 1 relance supplémentaire, vous ne vous êtes toujours pas manifesté(e), la nouvelle offre de reprise sera considérée comme acceptée et le montant de la nouvelle proposition vous sera versé sous 3 à 5 jours ouvrés.</b><br><br>";;;;;;;;
diagnostic_ko_reminder_1_zero;{{ label_product }} – Diagnostic de votre produit, relance N°1;"Bonjour {{ firstname }},<br><br>Le diagnostic de votre produit a révélé une ou plusieurs différence(s) avec le produit que nous avons reçu :<br><ul>{% for diagnostic in diagnostics %}{% if diagnostic.show %}<li>{{ diagnostic.label }}</li>{% endif %}{% endfor %}</ul>Ce qui nous amène malheureusement à ne pas pouvoir valoriser votre produit, il pourra en revanche être recyclé dans les filières agréées de recyclage afin d’être démantelé pour revalorisation des matériaux.<br><br>Ou vous pouvez le récupérer à tout moment. Pour cela, exprimez votre choix en <a href=""{{ url_summary_detail }}"">cliquant ici</a> ou en vous rendant sur votre espace <a href=""{{ url_summary }}"">« Mon compte/Mes reprises »</a> :<br><ul><li>Vous ne souhaitez pas le récupérer, nous vous proposons de nous informer de votre choix d’abandonner votre produit en cliquant sur « Abandonner mon produit » dans la rubrique <a href=""{{ url_summary_detail }}"">« Suivre mes reprises »</a>.</li><li>Vous refusez la proposition et vous souhaitez récupérer votre produit à vos frais <a href=""{{ url_faq }}#reject-counter-offer"">Suivre les démarches pour récupérer le produit</a></li></ul><b>Ne tardez pas ! Si, après 1 relance supplémentaire, vous ne vous êtes toujours pas manifesté(e), votre produit sera considéré comme abandonné.</b><br><br>";;;;;;;;
fmip_ko_reminder_1;{{ label_product }} – Diagnostic de votre produit, non valorisé relance N°1;"Bonjour {{ firstname }},<br><br>La vérification de votre produit lors de l’homologation n’a pas permis de finaliser les tests et de vous proposer une offre de reprise pour l’un des motifs suivants :<br><ul>{% for diagnostic in diagnostics %}{% if diagnostic.quarantine %}<li>{{ diagnostic.label }}</li>{% endif %}{% endfor %}</ul>Nous vous proposons :<br><ul><li>De récupérer votre produit à vos frais en nous transmettant un bon de transport retour. <a href=""{{ url_faq }}#reject-counter-offer"">Suivre les démarches pour récupérer le produit</a></li><li>D’abandonner votre produit, nous vous proposons de nous informer de votre choix d’abandonner votre produit en cliquant sur « Abandonner mon produit » dans la rubrique <a href=""{{ url_summary_detail }}"">« Suivre mes reprises »</a></li></ul><b>Ne tardez pas ! Si, après 1 relance, vous ne vous êtes toujours pas manifesté(e), votre produit sera considéré comme abandonné.</b><br><br>";;;;;;;;
diagnostic_ko_reminder_2;{{ label_product }} – Diagnostic de votre produit, relance N°2;"Bonjour {{ firstname }},<br><br>Le diagnostic de votre produit a révélé une ou plusieurs différence(s) avec le produit que nous avons reçu :<br><ul>{% for diagnostic in diagnostics %}{% if diagnostic.show %}<li>{{ diagnostic.label }}</li>{% endif %}{% endfor %}</ul>La nouvelle offre de reprise est de {{ amount }}€.<br><br>Vous pouvez :<br><ul><li>Accepter cette offre et recevoir un virement sous 3 à 5 jours ouvrés sur votre compte bancaire.</li><li>Refuser la nouvelle offre et récupérer votre produit à vos frais <a href=""{{ url_faq }}#reject-counter-offer"">Suivre les démarches pour récupérer le produit</a>.</li></ul>Exprimez votre choix en <a href=""{{ url_summary_detail }}"">cliquant ici</a> ou en vous rendant sur votre espace <a href=""{{ url_summary }}"">« Mon compte/Mes reprises »</a>.<br><br><b>Ne tardez pas ! Si, vous ne vous êtes toujours pas manifesté(e), la nouvelle offre de reprise sera considérée comme acceptée et le montant de la nouvelle proposition vous sera versé sous 3 à 5 jours ouvrés.</b><br><br>";;;;;;;;
diagnostic_ko_reminder_2_zero;{{ label_product }} – Diagnostic de votre produit, relance N°2;"Bonjour {{ firstname }},<br><br>Le diagnostic de votre produit a révélé une ou plusieurs différence(s) avec le produit que nous avons reçu :<br><ul>{% for diagnostic in diagnostics %}{% if diagnostic.show %}<li>{{ diagnostic.label }}</li>{% endif %}{% endfor %}</ul>Ce qui nous amène malheureusement à ne pas pouvoir valoriser votre produit, il pourra en revanche être recyclé dans les filières agréées de recyclage afin d’être démantelé pour revalorisation des matériaux.<br><br>Ou vous pouvez le récupérer à tout moment. Pour cela, exprimez votre choix en <a href=""{{ url_summary_detail }}"">cliquant ici</a> ou en vous rendant sur votre espace <a href=""{{ url_summary }}"">« Mon compte/Mes reprises »</a> :<br><ul><li>Vous ne souhaitez pas le récupérer, nous vous proposons de nous informer de votre choix d’abandonner votre produit en cliquant sur « Abandonner mon produit » dans la rubrique <a href=""{{ url_summary_detail }}"">« Suivre mes reprises »</a>.</li><li>Vous refusez la proposition et vous souhaitez récupérer votre produit à vos frais <a href=""{{ url_faq }}#reject-counter-offer"">Suivre les démarches pour récupérer le produit</a></li></ul><b>Ne tardez pas ! Si, vous ne vous êtes toujours pas manifesté(e), votre produit sera considéré comme abandonné.</b><br><br>";;;;;;;;
fmip_ko_reminder_2;{{ label_product }} – Diagnostic de votre produit : non valorisé relance N°2;"Bonjour {{ firstname }},<br><br>La vérification de votre produit lors de l’homologation n’a pas permis de finaliser les tests et de vous proposer une offre de reprise pour l’un des motifs suivants :<br><ul>{% for diagnostic in diagnostics %}{% if diagnostic.quarantine %}<li>{{ diagnostic.label }}</li>{% endif %}{% endfor %}</ul>Nous vous proposons :<br><ul><li>De récupérer votre produit à vos frais en nous transmettant un bon de transport retour. <a href=""{{ url_faq }}#reject-counter-offer"">Suivre les démarches pour récupérer le produit</a></li><li>D’abandonner votre produit, nous vous proposons de nous informer de votre choix d’abandonner votre produit en cliquant sur « Abandonner mon produit » dans la rubrique <a href=""{{ url_summary_detail }}"">« Suivre mes reprises »</a></li></ul><b>Ne tardez pas ! Si, vous ne vous êtes toujours pas manifesté(e), votre produit sera considéré comme abandonné.</b><br><br><b>Important : Le cas échéant, en cas de refus de cette contre-proposition, le Bonus lié à cette reprise sera automatiquement annulé.</b>";;;;;;;;
auto_accept_counter_offer;{{ label_product }} – Délai de réponse dépassé : Contreproposition acceptée;Bonjour {{ firstname }},<br><br>Comme mentionné dans nos trois précédents emails de relance, et n’ayant reçu aucune réponse de votre part, nous considérons la nouvelle offre comme acceptée, le montant de {{ amount }}€ vous sera versé sous 3 à 5 jours ouvrés (<em>conformément aux Conditions Générales de Reprise</em>).;;;;;;;;
auto_accept_counter_offer_zero;{{ label_product }} – Délai de réponse dépassé : Produit abandonné;Bonjour {{ firstname }},<br><br>Comme mentionné dans nos trois précédents emails de relance restés sans réponse de votre part, nous considérons désormais que vous ne souhaitez pas récupérer votre produit. Celui-ci est donc considéré comme abandonné (<em>conformément aux Conditions Générales de Reprise</em>).;;;;;;;;
proposal_validation_payment;{{ label_product }} – Validation et paiement de votre produit;"Bonjour {{ firstname }},<br><br>Vous avez récemment accepté la nouvelle offre de reprise d’un montant de {{ amount }}€.<br><br>Le virement sera effectué sur votre compte bancaire sous un délai de 3 à 5 jours ouvrés.<br><br>Nous vous remercions pour votre confiance, et espérons vous retrouver prochainement sur notre site pour donner une seconde vie à vos autres produits : <a href=""{{ url }}"">{{ url }}</a>";;;;;;;;
proposal_validation_payment_admin;{{ label_product }} – Validation et paiement de votre produit;"Bonjour {{ firstname }},<br><br>Vous avez récemment accepté la nouvelle offre de reprise d’un montant de {{ amount }}€.<br><br>Le virement sera effectué sur votre compte bancaire sous un délai de 3 à 5 jours ouvrés.<br><br>Nous vous remercions pour votre confiance, et espérons vous retrouver prochainement sur notre site pour donner une seconde vie à vos autres produits : <a href=""{{ url }}"">{{ url }}</a>";;;;;;;;
proposal_validation_zero;{{ label_product }} – Validation de la contreproposition;"Bonjour {{ firstname }},<br><br>Nous vous avons récemment informés que votre produit ne pouvait pas être valorisé suite au diagnostic effectué par notre centre de traitement.<br><br>Vous avez donc décidé d’abandonner votre produit pour qu’il puisse être recyclé dans les filières agréées de recyclage et démantelé pour revalorisation des matériaux.<br><br>Nous vous remercions pour votre confiance, et espérons vous retrouver prochainement sur notre site pour donner une seconde vie à vos autres produits : <a href=""{{ url }}"">{{ url }}</a>";;;;;;;;
proposal_validation_zero_admin;{{ label_product }} – Validation de la contreproposition;"Bonjour {{ firstname }},<br><br>Nous vous avons récemment informés que votre produit ne pouvait pas être valorisé suite au diagnostic effectué par notre centre de traitement.<br><br>Vous avez donc décidé d’abandonner votre produit pour qu’il puisse être recyclé dans les filières agréées de recyclage et démantelé pour revalorisation des matériaux.<br><br>Nous vous remercions pour votre confiance, et espérons vous retrouver prochainement sur notre site pour donner une seconde vie à vos autres produits : <a href=""{{ url }}"">{{ url }}</a>";;;;;;;;
proposal_refusal;{{ label_product }} – Refus de la proposition de reprise;"Bonjour {{ firstname }},<br><br>Nous regrettons que la nouvelle offre de reprise de votre {{ product }} d’un montant de {{ amount }}€ n’ait pas pu vous satisfaire.<br><br>Vous pouvez récupérer à tout moment votre produit, pour cela il vous suffit de <a href=""{{ url_faq }}#reject-counter-offer"">cliquer ici</a> pour connaitre la démarche à suivre.<br><br>Une fois l’étiquette prépayée créée, merci de la déposer ou la télécharger sur <a href=""{{ url_summary_detail }}"">ce lien</a>.<br><br>Ne tardez pas : Si vous refusez l’offre et que vous n’avez pas suivi la procédure de retour de votre produit à vos frais, au bout de 3 mois après la date de refus de la nouvelle offre, le produit deviendra de fait la propriété de notre partenaire de reprise.";;;;;;;;
proposal_refusal_admin;{{ label_product }} – Refus de la proposition de reprise;"Bonjour {{ firstname }},<br><br>Nous regrettons que la nouvelle offre de reprise de votre {{ product }} d’un montant de {{ amount }}€ n’ait pas pu vous satisfaire.<br><br>Vous pouvez récupérer à tout moment votre produit, pour cela il vous suffit de <a href=""{{ url_faq }}#reject-counter-offer"">cliquer ici</a> pour connaitre la démarche à suivre.<br><br>Une fois l’étiquette prépayée créée, merci de la déposer ou la télécharger sur <a href=""{{ url_summary_detail }}"">ce lien</a>.<br><br>Ne tardez pas : Si vous refusez l’offre et que vous n’avez pas suivi la procédure de retour de votre produit à vos frais, au bout de 3 mois après la date de refus de la nouvelle offre, le produit deviendra de fait la propriété de notre partenaire de reprise.";;;;;;;;
proposal_refusal_zero;{{ label_product }} – Refus de la proposition de reprise;"Bonjour {{ firstname }},<br><br>Nous regrettons que le diagnostic de votre produit n’ait pas permis de trouver une offre de reprise pour votre produit.<br><br>Vous pouvez récupérer à tout moment votre produit, pour cela il vous suffit de <a href=""{{ url_faq }}#reject-counter-offer"">cliquer ici</a> pour connaitre la démarche à suivre.<br><br>Une fois l’étiquette prépayée créée, merci de la déposer ou la télécharger sur <a href=""{{ url_summary_detail }}"">ce lien</a>.<br><br>Ne tardez pas : Si vous n’avez pas suivi la procédure de retour de votre produit à vos frais, au bout de 3 mois après la date de refus de la proposition, le produit sera automatiquement abandonné.";;;;;;;;
proposal_refusal_zero_admin;{{ label_product }} – Refus de la proposition de reprise;"Bonjour {{ firstname }},<br><br>Nous regrettons que le diagnostic de votre produit n’ait pas permis de trouver une offre de reprise pour votre produit.<br><br>Vous pouvez récupérer à tout moment votre produit, pour cela il vous suffit de <a href=""{{ url_faq }}#reject-counter-offer"">cliquer ici</a> pour connaitre la démarche à suivre.<br><br>Une fois l’étiquette prépayée créée, merci de la déposer ou la télécharger sur <a href=""{{ url_summary_detail }}"">ce lien</a>.<br><br>Ne tardez pas : Si vous n’avez pas suivi la procédure de retour de votre produit à vos frais, au bout de 3 mois après la date de refus de la proposition, le produit sera automatiquement abandonné.";;;;;;;;
counter_offer_refused_reminder_1;{{ label_product }} – Refus de la proposition de reprise, relance N°1;"Bonjour {{ firstname }},<br><br>Nous regrettons que la nouvelle offre de reprise de votre {{ product }} d’un montant de {{ amount }}€ n’ait pas pu vous satisfaire.<br><br>Vous pouvez récupérer à tout moment votre produit, pour cela il vous suffit de <a href=""{{ url_faq }}#reject-counter-offer"">cliquer ici</a> pour connaitre la démarche à suivre.<br><br>Une fois l’étiquette prépayée créée, merci de la déposer ou la télécharger sur <a href=""{{ url_summary_detail }}"">ce lien</a>.<br><br>Ne tardez pas : Si vous refusez l’offre et que vous n’avez pas suivi la procédure de retour de votre produit à vos frais, au bout de 3 mois après la date de refus de la nouvelle offre, le produit deviendra de fait la propriété de notre partenaire de reprise.";;;;;;;;
counter_offer_refused_reminder_1_zero;{{ label_product }} – Refus de la proposition de reprise, relance N°1;"Bonjour {{ firstname }},<br><br>Nous regrettons que le diagnostic de votre produit n’ait pas permis de trouver une offre de reprise pour votre produit.<br><br>Vous pouvez récupérer à tout moment votre produit, pour cela il vous suffit de <a href=""{{ url_faq }}#reject-counter-offer"">cliquer ici</a> pour connaitre la démarche à suivre.<br><br>Une fois l’étiquette prépayée créée, merci de la déposer ou la télécharger sur <a href=""{{ url_summary_detail }}"">ce lien</a>.<br><br>Ne tardez pas : Si vous n’avez pas suivi la procédure de retour de votre produit à vos frais, au bout de 3 mois après la date de refus de la proposition, le produit sera automatiquement abandonné.";;;;;;;;
counter_offer_refused_reminder_2;{{ label_product }} – Refus de la proposition de reprise, relance N°2;"Bonjour {{ firstname }},<br><br>Nous regrettons que la nouvelle offre de reprise de votre {{ product }} d’un montant de {{ amount }}€ n’ait pas pu vous satisfaire.<br><br>Vous pouvez récupérer à tout moment votre produit, pour cela il vous suffit de <a href=""{{ url_faq }}#reject-counter-offer"">cliquer ici</a> pour connaitre la démarche à suivre.<br><br>Une fois l’étiquette prépayée créée, merci de la déposer ou la télécharger sur <a href=""{{ url_summary_detail }}"">ce lien</a>.<br><br>Ne tardez pas : Si vous refusez l’offre et que vous n’avez pas suivi la procédure de retour de votre produit à vos frais, au bout de 3 mois après la date de refus de la nouvelle offre, le produit deviendra de fait la propriété de notre partenaire de reprise.";;;;;;;;
counter_offer_refused_reminder_2_zero;{{ label_product }} – Refus de la proposition de reprise, relance N°2;"Bonjour {{ firstname }},<br><br>Nous regrettons que le diagnostic de votre produit n’ait pas permis de trouver une offre de reprise pour votre produit.<br><br>Vous pouvez récupérer à tout moment votre produit, pour cela il vous suffit de <a href=""{{ url_faq }}#reject-counter-offer"">cliquer ici</a> pour connaitre la démarche à suivre.<br><br>Une fois l’étiquette prépayée créée, merci de la déposer ou la télécharger sur <a href=""{{ url_summary_detail }}"">ce lien</a>.<br><br>Ne tardez pas : Si vous n’avez pas suivi la procédure de retour de votre produit à vos frais, au bout de 3 mois après la date de refus de la proposition, le produit sera automatiquement abandonné.";;;;;;;;
counter_offer_refused_reminder_3;{{ label_product }} - Refus de la proposition de reprise, dernière relance;"Bonjour {{ firstname }},<br><br>Nous regrettons que la nouvelle offre de reprise de votre {{ product }} d’un montant de {{ amount }}€ n’ait pas pu vous satisfaire.<br><br>Vous pouvez récupérer à tout moment votre produit, pour cela il vous suffit de <a href=""{{ url_faq }}#reject-counter-offer"">cliquer ici</a> pour connaitre la démarche à suivre.<br><br>Une fois l’étiquette prépayée créée, merci de la déposer ou la télécharger sur <a href=""{{ url_summary_detail }}"">ce lien</a>.<br><br>Ne tardez pas : Si vous refusez l’offre et que vous n’avez pas suivi la procédure de retour de votre produit à vos frais, au bout de 3 mois après la date de refus de la nouvelle offre, le produit deviendra de fait la propriété de notre partenaire de reprise.";;;;;;;;
counter_offer_refused_reminder_3_zero;{{ label_product }} – Refus de la proposition de reprise, dernière relance;"Bonjour {{ firstname }},<br><br>Nous regrettons que le diagnostic de votre produit n’ait pas permis de trouver une offre de reprise pour votre produit.<br><br>Vous pouvez récupérer à tout moment votre produit, pour cela il vous suffit de <a href=""{{ url_faq }}#reject-counter-offer"">cliquer ici</a> pour connaitre la démarche à suivre.<br><br>Une fois l’étiquette prépayée créée, merci de la déposer ou la télécharger sur <a href=""{{ url_summary_detail }}"">ce lien</a>.<br><br>Ne tardez pas : Si vous n’avez pas suivi la procédure de retour de votre produit à vos frais, au bout de 3 mois après la date de refus de la proposition, le produit sera automatiquement abandonné.";;;;;;;;
payment_confirmation;{{ label_product }} – Virement effectué;"Bonjour {{ firstname }},<br><br>Nous avons effectué le virement pour la reprise de votre produit {{ product }} d’un montant de {{ amount }}€.<br><br>Vous pourrez consulter ce virement sur votre compte bancaire d’ici quelques jours (délais variables selon les établissements bancaires).<br><br>Nous vous remercions pour votre confiance, et espérons vous retrouver prochainement sur notre site pour donner une seconde vie à vos autres produits : <a href=""{{ url }}"">{{ url }}</a>";;;;;;;;
transaction_cancelled;{{ label_product }} – Reprise annulée;"Bonjour {{ firstname }},<br><br>Vous avez souhaité annuler votre reprise, nous vous confirmons cette annulation.<br><br>Nous vous remercions pour votre confiance, et espérons vous retrouver prochainement sur notre site pour donner une seconde vie à vos autres produits : <a href=""{{ url }}"">{{ url }}</a>";;;;;;;;
old_transaction_grading_canceled;{{ label_product }} – Reprise annulée automatiquement;"Bonjour {{ firstname }},<br><br>Malheureusement nous n’avons pas reçu les éléments pour finaliser votre reprise à temps et l’offre de reprise {{ label_product }} n’est plus valable. Pour rappel, l’offre de reprise est valable 15 jours, au-delà celle-ci n’est plus valable.<br><br>Vous pouvez toutefois encore estimer votre bien et choisir la meilleure offre de reprise en <a href=""{{ url }}"">cliquant ici</a>.";;;;;;;;
offer_refused_product_returned;{{ label_product }} – Contre-offre refusée : produit renvoyé;Bonjour {{ firstname }},<br><br>Nous avons bien reçu votre étiquette retour, votre produit vient de partir du centre de traitement pour vous être retourné. Le délai d’acheminement est d’environ 3 à 5 jours ouvrés.;;;;;;;;
quotation_confirmation;{{ quotation_barcode }} – Validation de votre devis;Bonjour {{ firstname }},<br><br>Vous y êtes presque… &#128522;;;;;;;;
account_confirmation;– Création de votre compte – Bienvenue;"Bonjour,<br><br>Bienvenue chez Cash Converters Reprise, nous sommes ravis de vous accueillir.<br><br>Pour accéder à votre compte, veuillez cliquer sur le lien ci-dessous et saisir vos identifiants de connexion.<br><br><a href=""{{ url_auth }}"">Accéder à votre compte</a>.<br><br>Grâce à votre compte vous pourrez :<br><ul><li>Mettre à jour vos données personnelles</li><li>Vendre vos produits d'occasion high-tech</li><li>Suivre le traitement de vos reprises</li><li>Suivre vos devis</li></ul><br><br>Conseils pour protéger et sécuriser vos données personnelles au quotidien :<br><ul><li>Changer de mot de passe fréquemment tous les 6 mois</li><li>Choisir un mot de passe spécifique pour chaque site</li><li>Ne communiquez jamais vos mots de passe à un tiers</li><li>Ne pas rester connecté sur un appareil partagé</li></ul>";;;;;;;;
missing_password;– Réinitialisation de votre mot de passe;"Madame, Monsieur,<br><br>Vous avez demandé la réinitialisation de votre mot de passe.<br><br>Merci de vous rendre sur <a href=""{{ url_reset_password }}"">ce lien</a> pour modifier votre mot de passe.<br><br>Si vous n'avez pas demandé de réinitialisation de votre mot de passe, merci d'ignorer cet email.";;;;;;;;
reset_password_confirmation;– Confirmation réinitialisation de votre mot de passe;Bonjour,<br><br>Nous vous confirmons que votre mot de passe a bien été réinitialisé.<br><br>Conseils pour protéger et sécuriser vos données personnelles au quotidien :<br><ul><li>Changer de mot de passe fréquemment tous les 6 mois</li><li>Choisir un mot de passe spécifique pour chaque site</li><li>Ne communiquez jamais vos mots de passe à un tiers</li><li>Ne pas rester connecté sur un appareil partagé</li></ul>;;;;;;;;
bonus_validation_admin;{{ label_product }} - Validation du bonus;Bonjour {{ firstname }},<br><br>Nous vous confirmons la validation de votre bonus d’un montant de {{ contribution_amount }}€, le virement sera effectué sous 3 à 5 jours ouvrés.;;;;;;;;
transaction_confirmed_contribution;{{ label_product }} – Validation de votre reprise;Bonjour {{ firstname }},<br><br>Vous y êtes presque… &#128522;;;;;;;;
payment_confirmation_bonus;{{ label_product }} – Paiement effectué bonus;Bonjour {{ firstname }},<br><br>;;;;;;;;
;;;;;;;;;;
;;;;;;;;;;
user_welcome;Bienvenue sur {{ store_name }} ! Accédez dès maintenant à votre compte;Bonjour {{ firstname }},<br><br>Nous vous informons que votre compte a été créé avec succès.<br>Vous pouvez désormais accéder à la plateforme de reprise.<br><br>;;;;;;;;
;;;;;;;;;;
product_diagnostic_stolen;{{ label_product }} – Diagnostic de votre produit, non valorisé : Produit Blacklisté / Volé;"Bonjour {{ firstname }},<br><br>La vérification de votre produit lors de l'homologation n'a pas permis de finaliser les tests et de vous proposer une offre de reprise pour l'un des motifs suivants :<br><br><ul><li>Produit Blacklisté / Volé</li></ul><br>Conformément à la réglementation en vigueur, ce type de produit ne peut ni être repris ni être restitué à son détenteur. Il est donc transmis aux autorités compétentes, comme le prévoit la procédure légale.<br><br>Notre service client reste à votre disposition pour toute information complémentaire.<br><br>Rendez-vous dans la rubrique <a href=""{{ url_contact }}"">Nous contacter</a>.<br><br>";;;;;;;;
product_diagnostic_code_1000;{{ label_product }} – Diagnostic de votre produit, non valorisé : batterie gonflée;"Bonjour,<br><br>La vérification de votre produit lors de son homologation a révélé que celui-ci présente une <b>batterie gonflée</b>.<br><br>En raison de cet état, votre produit est considéré comme un <b>déchet d'équipement électrique et électronique (DEEE)</b> soumis à réglementation.<br><br>Ce type de défaut présente des risques lors de la manipulation et/ou du transport (notamment un <b>risque d'incendie</b>) et n'aurait donc jamais dû nous être envoyé.<br>Cet aspect est clairement indiqué :<br><br><ul><li>dans le <b>questionnaire de reprise</b>, question 5 : « Non : Batterie gonflée »,</li><li>dans le <b>mail de service validant la reprise</b>,</li><li>ainsi que dans notre <b><a href=""{{ url_faq }}#how-buyback-works"">FAQ « Comment se passe la reprise d'un produit ? »</a></b>.</li></ul><br>Ce produit <b>ne pourra pas être renvoyé</b>, il sera orienté vers la <b>filière de recyclage</b> pour son démantèlement.";;;;;;;;
product_conform_ko;{{ label_product }} – Diagnostic de votre produit : produit non conforme;"Bonjour,<br><br>Nous vous informons que le produit reçu dans le cadre de la reprise <b>{{ label_product }}</b> ne correspond pas au produit initialement déclaré.<br><br>En raison d'une <b>réception non conforme (objet autre que le produit attendu)</b>, nous ne sommes pas en mesure de valider la reprise. Le montant de l'offre de reprise est donc fixé à <b>0 €</b>.<br><br>Si vous souhaitez récupérer le produit effectivement reçu, vous devez nous transmettre votre <b>bon de transport retour</b> via votre <a href=""{{ url_summary }}""><b>espace client</b></a>. Dès réception de ce document, les actions nécessaires seront engagées.<br><br>Notre service clients reste à votre disposition pour toute information complémentaire. Rendez-vous dans la rubrique <a href=""{{ url_contact }}"">Nous contacter</a>.";;;;;;;;
